,,Focal Length,T-Stop,Close Focus,Weight (lbs),Length (in),Front Diameter (mm),Mount,Image Circle (mm),Film Compatibility,Iris Blade Count,Extender,Expander,LDS,Support Post Length (mm),Manufacture Year,Notes,,,,
ARRI / Zeiss,Master Prime,12mm,1.3,"16""",6.6 lbs,"7.75""",156mm,PL,33mm,35mm OK,9,"IBE 1.4X, IBE 2X",,Yes,9mm,,Rectilinear,,,ARRI / Zeiss,Master Prime
,,14mm,1.3,"14""",5.3 lbs,"6.75""",114mm,PL,34mm,35mm OK,9,"IBE 1.4X, IBE 2X",,Yes,N/A,2007,,,,Bausch & Lomb,Macro
,,16mm,1.3,"14""",5 lbs,"6""",114mm,PL,34mm,35mm OK,9,IBE 1.4X,Duclos 1.7X,Yes,N/A,2005,,,,Cooke,Ultra Prime
,,18mm,1.3,"14""",5 lbs,"6""",114mm,PL,33.5mm,35mm OK,9,"IBE 1.4X, IBE 2X",,Yes,N/A,2005,,,,Kinoptik,Ultra Prime LDS
,,21mm,1.3,"14""",5.3 lbs,"6.2""",114mm,PL,35mm,35mm OK,9,"IBE 1.4X, IBE 2X",Duclos 1.7X,Yes,N/A,2005,,,,Kowa,Super Baltar
,,25mm,1.3,"14""",5.1 lbs,"6""",114mm,PL,35mm,35mm OK,9,"IBE 1.4X, IBE 2X",Duclos 1.7X,Yes,N/A,2005,,,,Leitz,5/i
,,27mm,1.3,"14""",4.8 lbs,"6.2""",114mm,PL,35mm,35mm OK,9,"IBE 1.4X, IBE 2X",Duclos 1.7X,Yes,N/A,2005,,,,LOMO,Mini S4/i
,,32mm,1.3,"14""",5.1 lbs,"6""",114mm,PL,36.5mm,35mm OK,9,"IBE 1.4X, IBE 2X",Duclos 1.7X,Yes,N/A,2005,,,,Lomography,Panchro/i Classic
,,35mm,1.3,"14""",4.8 lbs,"6""",114mm,PL,40mm,35mm OK,9,"IBE 1.4X, IBE 2X",Duclos 1.7X,Yes,N/A,2005,,,,Nikon,S4 and S4/i
,,40mm,1.3,"16""",5.1 lbs,"6""",114mm,PL,39mm,35mm OK,9,"IBE 1.4X, IBE 2X",Duclos 1.7X,Yes,N/A,2005,,,,Optex,SP3
,,50mm,1.3,"20""",5.9 lbs,"6""",114mm,PL,43mm,35mm OK,9,"IBE 1.4X, IBE 2X",Duclos 1.7X,Yes,N/A,2005,,,,Optika Elite,Speed Panchro
,,65mm,1.3,"2' 3""",5.7 lbs,"6.2""",114mm,PL,43mm,35mm OK,9,"IBE 1.4X, IBE 2X, Ang 1.4X, Ang 2X, Century 2X, Optex 2X",Duclos 1.7X,Yes,N/A,2005,,,,RED,Tegea 9.8mm
,,75mm,1.3,"2' 9""",6 lbs,"6""",114mm,PL,43mm,35mm OK,9,"IBE 1.4X, IBE 2X, Ang 2X",Duclos 1.7X,Yes,N/A,2005,,,,Schneider,Cine Prominar
,,100mm,1.3,"3' 6""",6.2 lbs,"6""",114mm,PL,43mm,35mm OK,9,"IBE 1.4X, IBE 2X, Ang 1.4X, Ang 2X, Optex 2X",,Yes,N/A,2005,,,,Sony,Summicron
,,100mm Macro,2.0 (4.3 at CF),"13.75""",5.7 lbs,"8""",114mm,PL,42mm,35mm OK,9,"IBE 1.4X, IBE 2X, Ang 1.4X, Ang 2X, Century 2X, Optex 2X",,Yes,19.5mm,,,,,Technovision,Summilux
,,135mm,1.3,"3' 3""",6.2 lbs,"6.75""",114mm,PL,43mm,35mm OK,9,IBE 1.4X,,Yes,N/A,2005,,,,Vantage,Elmarit-R
,,150mm,1.3,5',9 lbs,"8.25""",134mm,PL,43mm,35mm OK,9,"IBE 1.4X, IBE 2X",,Yes,24mm,2007,,,,White Point Optics,Illumina Mk-II
,,,,,,,,,,,,,,,,,,,,Zeiss,Spherical Primes
,,Focal Length,T-Stop,Close Focus,Weight (lbs),Length (in),Front Diameter (mm),Mount,Image Circle (mm),Film Compatibility,Iris Blade Count,Extender,Expander,LDS,Support Post Length (mm),Manufacture Year,Notes,,,,Vintage Primes
ARRI / Zeiss,Macro,16mm,2.1 (+2/3 at CF),"6""",2.5 lbs,"2.2""",80mm,PL,24mm clear / 29mm with falloff,35mm OK,6,None,No,No,N/A,2005,Auto exposure compensation,,,,Petzval
,,24mm,2.1 (+2/3 at CF),"7""",1.8 lbs,"2.12""",80mm,PL,30mm clear / 32mm with falloff,35mm OK,6,None,No,No,N/A,2005,Auto exposure compensation,,,,Nikkor Prime
,,32mm,2.1 (+2/3 at CF),"9""",1.6 lbs,"2.12""",80mm,PL,31mm,35mm OK,5,None,No,No,N/A,2005,Auto exposure compensation,,,,Fisheye
,,40mm,2.1 (+2/3 at CF),"10""",1.6 lbs,"2.12""",80mm,PL,32mm clear / 39mm with falloff,35mm OK,6,None,No,No,N/A,2005,Auto exposure compensation,,,,Primes
,,50mm,3 (5.6 at CF),"8""",3 lbs,"3.75""",80mm,PL,42mm,35mm OK,7,"IBE 1.4X, IBE 2X",No,No,N/A,2005,Auto exposure compensation,,,,Servlens SVS
,,100mm,3 (5.6 at CF),"1' 2""",3.5 lbs,"5.6""",80mm,PL,40mm clear / 43mm with falloff,35mm OK,9,"IBE 1.4X, IBE 2X",Duclos 1.7X,No,N/A,2005,Auto exposure compensation,,,,Pro Prime
,,200mm,4.3 (8 at CF),"1' 11""",4 lbs,"8.5""",80mm,PL,43mm,35mm OK,8,"IBE 1.4X, IBE 2X",Duclos 1.7X,No,N/A,2005,Auto exposure compensation,,,,Cine-Xenar III
,,,,,,,,,,,,,,,,,,,,,CineAlta Primes
,,Focal Length,T-Stop,Close Focus,Weight (lbs),Length (in),Front Diameter (mm),Mount,Image Circle (mm),Film Compatibility,Iris Blade Count,Extender,Expander,LDS,Support Post Length (mm),Manufacture Year,Notes,,,,Zeiss Standard Speed
ARRI / Zeiss,Ultra Prime,8mm (8R),2.8,"1' 3""",3.4 lbs,"5.12""",134mm,PL,31mm,35mm OK,9,None,,No,N/A,2005,Rectilinear,,,,Mini Hawk
,,10mm,2.1,"1' 3""",6.4 lbs,"5.6""",156mm,PL,31mm,35mm OK,6,None,,No,N/A,1998,Rectilinear,,,,One
,,12mm,2,1',4.4 lbs,"5.5""",156mm,PL,31mm,35mm OK,9,"IBE 1.4X, IBE 2X",,No,N/A,1998,,,,,Neo Super Baltar
,,14mm,1.9,"9""",4 lbs,"4.4""",114mm,PL,30mm clear / 31.5mm with falloff,35mm OK,9,None,No,No,N/A,1998,,,,,Compact Prime (CP2)
,,16mm,1.9,1',2.6 lbs,"3.7""",95mm,PL,30mm clear / 32mm with falloff,35mm OK,9,None,No,No,N/A,1998,,,,,Compact Prime (CP3 & CP3 XD)
,,20mm,1.9,1',2.6 lbs,"3.6""",95mm,PL,33mm clear / 36mm with falloff,35mm OK,9,None,No,No,N/A,1998,,,,,Standard Speed
,,24mm,1.9,1',2.2 lbs,"3.6""",95mm,PL,34mm clear / 38mm with falloff,35mm OK,9,None,No,No,N/A,1998,,,,,Super Speed
,,28mm,1.9,1',2.2 lbs,"3.6""",95mm,PL,35mm clear / 38mm with falloff,35mm OK,9,None,No,No,N/A,1998,,,,,
,,32mm,1.9,"1' 3""",2.4 lbs,"3.6""",95mm,PL,36mm clear / 38mm with falloff,35mm OK,9,None,No,No,N/A,1998,,,,,
,,40mm,1.9,"1' 3""",2.2 lbs,"3.6""",95mm,PL,38mm clear / 40mm with falloff,35mm OK,9,None,Duclos 1.7X,No,N/A,1998,,,,,
,,50mm,1.9,2',2.2 lbs,"3.6""",95mm,PL,38mm clear / 40mm with falloff,35mm OK,9,None,Duclos 1.7X,No,N/A,1998,,,,,
,,65mm,1.9,"2' 3""",2.4 lbs,"3.6""",95mm,PL,40mm clear / 43mm with falloff,35mm OK,9,"IBE 1.4X, IBE 2X",Duclos 1.7X,No,N/A,1998,,,,,
,,85mm,1.9,3',2.6 lbs,"3.6""",95mm,PL,40mm clear / 43mm with falloff,35mm OK,9,"IBE 1.4X, IBE 2X, Ang 1.4X, Ang 2X, Optex 2X",Duclos 1.7X,No,N/A,1998,,,,,
,,100mm,1.9,"3' 3""",2.6 lbs,"3.6""",95mm,PL,38mm clear / 43mm with falloff,35mm OK,10,None,No,No,N/A,1998,,,,,
,,135mm,1.9,5',3.5 lbs,"4.7""",95mm,PL,39mm clear / 43mm with falloff,35mm OK,10,"IBE 1.4X, IBE 2X",Duclos 1.7X,No,N/A,1998,,,,,
,,180mm,1.9,"8' 6""",5.7 lbs,"6.5""",114mm,PL,40mm clear / 43mm with falloff,35mm OK,9,"IBE 1.4X, IBE 2X",Duclos 1.7X,No,N/A,1998,,,,,
,,,,,,,,,,,,,,,,,,,,,
,,Focal Length,T-Stop,Close Focus,Weight (lbs),Length (in),Front Diameter (mm),Mount,Image Circle (mm),Film Compatibility,Iris Blade Count,Extender,Expander,LDS,Support Post Length (mm),Manufacture Year,Notes,,,,
ARRI / Zeiss,Ultra Prime LDS,12mm,2,"11.8""",4.8 lbs,"5.5""",156mm,PL,,35mm OK,9,,,Yes,N/A,,Not currently in inventory,,,,
,,14mm,1.9,"9""",4 lbs,"4.4""",114mm,PL,30mm clear / 31.5mm with falloff,35mm OK,9,None,,Yes,N/A,,,,,,
,,16mm,1.9,"12""",3.3 lbs,"3.9""",104mm,PL,30mm clear / 32mm with falloff,35mm OK,9,None,,Yes,N/A,,,,,,
,,20mm,1.9,"12""",3.3 lbs,"3.9""",104mm,PL,33mm clear / 36mm with falloff,35mm OK,9,None,,Yes,N/A,,,,,,
,,24mm,1.9,"11.8""",2.9 lbs,"3.6""",104mm,PL,34mm clear / 38mm with falloff,35mm OK,9,None,,Yes,N/A,,,,,,
,,28mm,1.9,"12""",3.3 lbs,"3.9""",104mm,PL,35mm clear / 38mm with falloff,35mm OK,9,None,,Yes,N/A,,,,,,
,,32mm,1.9,"15""",3.1 lbs,"3.9""",104mm,PL,36mm clear / 38mm with falloff,35mm OK,9,None,,Yes,N/A,,,,,,
,,40mm,1.9,"15""",3.3 lbs,"3.9""",104mm,PL,38mm clear / 40mm with falloff,35mm OK,9,None,,Yes,N/A,,,,,,
,,50mm,1.9,2',2.6 lbs,"3.9""",104mm,PL,38mm clear / 40mm with falloff,35mm OK,9,None,,Yes,N/A,,,,,,
,,65mm,1.9,"2' 3""",3.1 lbs,"3.9""",104mm,PL,40mm clear / 43mm with falloff,35mm OK,9,"IBE 1.4X, IBE 2X",,Yes,N/A,,,,,,
,,85mm,1.9,3',3.3 lbs,"3.9""",104mm,PL,40mm clear / 43mm with falloff,35mm OK,9,"IBE 1.4X, IBE 2X, Ang 1.4X, Ang 2X, Optex 2X",,Yes,N/A,,,,,,
,,100mm,1.9,"3' 3""",3.4 lbs,"3.9""",104mm,PL,38mm clear / 43mm with falloff,35mm OK,10,None,,Yes,N/A,,,,,,
,,135mm,1.9,5',4.2 lbs,"4.7""",104mm,PL,39mm clear / 43mm with falloff,35mm OK,10,"IBE 1.4X, IBE 2X",,Yes,N/A,,,,,,
,,180mm,1.9,"102.4""",6.2 lbs,"6.5""",114mm,PL,40mm clear / 43mm with falloff,35mm OK,9,,,Yes,N/A,,Not currently in inventory,,,,
,,,,,,,,,,,,,,,,,,,,,
,,Focal Length,T-Stop,Close Focus,Weight (lbs),Length (in),Front Diameter (mm),Mount,Image Circle (mm),Film Compatibility,Iris Blade Count,Extender,Expander,LDS,Support Post Length (mm),Manufacture Year,Notes,,,,
Bausch & Lomb,Super Baltar,20mm,2.3,"18""",2.2 lbs,"3.6"" - 3.7""",80mm (95mm for Clairmont),PL,32mm,35mm OK,10,"IBE 1.4X, IBE 2X",,No,N/A,,Telescoping / Vintage: 1960's,,,,
,,25mm,2.3,"18""",3 lbs,"5.2"" - 5.25""",80mm (95mm for Clairmont),PL,32mm,35mm OK,11,"IBE 1.4X, IBE 2X",,No,N/A,,Telescoping / Vintage: 1960's,,,,
,,35mm,2.3,"18""",1.4 lbs,"2.85"" - 3.1""",80mm (95mm for Clairmont),PL,34mm clear / 41mm with falloff,35mm OK,12,"IBE 1.4X, IBE 2X, Ang 2X",,No,N/A,,Telescoping / Vintage: 1960's,,,,
,,50mm,2.3,"18""",1.2 lb,"3.5"" - 3.8""",80mm (95mm for Clairmont),PL,34mm clear / 38mm with falloff,35mm OK,10,"IBE 1.4X, IBE 2X",,No,N/A,,Telescoping / Vintage: 1960's,,,,
,,75mm,2.3,"22""",1.3 lbs,"3.7"" - 4.25""",80mm (95mm for Clairmont),PL,40mm clear / 43mm with falloff,35mm OK,10,"IBE 1.4X, IBE 2X, Ang 1.4X, Ang 2X, Century 2X, Optex 2X",,No,N/A,,Telescoping / Vintage: 1960's,,,,
,,100mm,2.3,4',2.1 lbs,"4.2"" - 4.6""",80mm (95mm for Clairmont),PL,43mm,35mm OK,10,"IBE 1.4X, IBE 2X, Ang 1.4X, Ang 2X, Optex, 2X, Century 2X, Optitek 1.4X",,No,N/A,,Telescoping / Vintage: 1960's,,,,
,,152mm,2.8,,,,,PL,,35mm OK,,,,No,N/A,,Not currently in inventory / Vintage: 1960's,,,,
,,225mm,,,,,,PL,,35mm OK,,,,No,,,Not currently in inventory / Vintage: 1960's,,,,
,,,,,,,,,,,,,,,,,,,,,
,,Focal Length,T-Stop,Close Focus,Weight (lbs),Length (in),Front Diameter (mm),Mount,Image Circle (mm),Film Compatibility,Iris Blade Count,Extender,Expander,LDS,Support Post Length (mm),Manufacture Year,Notes,,,,
Bausch & Lomb,Super Baltar,20mm,2.3,"18""",1.9 lbs,"3.08""",80mm,PL,,35mm OK,,,,No,,,Front Diameters may vary based on barcode,,,,
,,25mm,2.3,"18""",2.7 lbs,"4.71""",80mm/110mm,PL,,35mm OK,,,,No,,,Front Diameters may vary based on barcode,,,,
,,35mm,2.3,"18""",1.2 lbs,"2.65""",114mm,PL,,35mm OK,,,,No,,,Front Diameters may vary based on barcode,,,,
,,50mm,2.3,"18""",1 lbs,"3.18""",110mm,PL,,35mm OK,,,,No,,,Front Diameters may vary based on barcode,,,,
,,75mm,2.3,"22""",1.3 lbs,"3.35""",110mm,PL,,35mm OK,,,,No,,,Front Diameters may vary based on barcode,,,,
,,100mm,2.3,4',2.1 lbs,"4.18""",110mm,PL,,35mm OK,,,,No,,,Front Diameters may vary based on barcode,,,,
,,,,,,,,,,,,,,,,,,,,,
,,Focal Length,T-Stop,Close Focus,Weight (lbs),Length (in),Front Diameter (mm),Mount,Image Circle (mm),Film Compatibility,Iris Blade Count,Extender,Expander,LDS,Support Post Length (mm),Manufacture Year,Notes,,,,
Bausch & Lomb,Super Baltar,20mm,2.3,"12""",3.2 lbs,"3.5""",110mm,PL,33mm,35mm OK,,"IBE 1.4X, IBE 2X",,No,N/A,,TLS / Vintage: 1960's,,,,
,,25mm,2.3,"12""",4.2 lbs,"5.25""",110mm,PL,32mm,35mm OK,,"IBE 1.4X, IBE 2X",,No,N/A,,TLS / Vintage: 1960's,,,,
,,35mm,2.3,"14""",2.6 lbs,"3.6""",110mm,PL,34mm clear / 38mm with falloff,35mm OK,,"IBE 1.4X, IBE 2X",,No,N/A,,TLS / Vintage: 1960's,,,,
,,50mm,2.3,"15""",2.6 lbs,"4.25""",110mm,PL,33mm clear / 38mm with falloff,35mm OK,,"IBE 1.4X, IBE 2X",,No,N/A,,TLS / Vintage: 1960's,,,,
,,75mm,2.3,"20""",3.2 lbs,"4.7""",110mm,PL,39mm clear / 43mm with falloff,35mm OK,,"IBE 1.4X, IBE 2X, Ang 1.4X, Ang 2X, Optex 2X",,No,N/A,,TLS / Vintage: 1960's,,,,
,,100mm,2.3,"3' 3""",4 lbs,"5.25""",110mm,PL,42mm clear / 43mm with falloff,35mm OK,,"IBE 1.4X, IBE 2X, Ang 2X",,No,N/A,,TLS / Vintage: 1960's,,,,
,,,,,,,,,,,,,,,,,,,,,
,,Focal Length,T-Stop,Close Focus,Weight (lbs),Length (in),Front Diameter (mm),Mount,Image Circle (mm),Film Compatibility,Iris Blade Count,Extender,Expander,LDS,Support Post Length (mm),Manufacture Year,Notes,,,,
Cooke,5/i,18mm,1.4,"14""",6.67 lbs,"6.75""",110mm,PL,37mm,35mm OK,7,"IBE 1.4X, IBE 2X, Ang 1.4X, Ang 2X, Optex 2X",Duclos 1.7X,Yes,N/A,2009,,,,,
,,25mm,1.4,"14""",6.56 lbs,"7""",110mm,PL,37mm,35mm OK,7,"IBE 1.4X, IBE 2X, Ang 1.4X, Ang 2X, Optex 2X",Duclos 1.7X,Yes,N/A,2009,,,,,
,,32mm,1.4,"14""",6.21 lbs,"7""",110mm,PL,39mm,35mm OK,7,"IBE 1.4X, IBE 2X, Ang 1.4X, Ang 2X, Optex 2X",Duclos 1.7X,Yes,N/A,2009,,,,,
,,40mm,1.4,"16""",6.07 lbs,"7""",110mm,PL,43mm,35mm OK,7,"IBE 1.4X, IBE 2X, Ang 1.4X, Ang 2X, Optex 2X",Duclos 1.7X,Yes,N/A,2009,,,,,
,,50mm,1.4,"20""",7.11 lbs,"7""",110mm,PL,43mm,35mm OK,7,"IBE 1.4X, IBE 2X, Ang 1.4X, Ang 2X, Optex 2X",Duclos 1.7X,Yes,N/A,2009,,,,,
,,65mm,1.4,2',6.68 lbs,"7""",110mm,PL,43mm,35mm OK,7,"IBE 1.4X, IBE 2X, Ang 1.4X, Ang 2X, Optex 2X",Duclos 1.7X,Yes,N/A,2009,,,,,
,,75mm,1.4,"2' 3""",6.58 lbs,"7""",110mm,PL,43mm,35mm OK,7,"IBE 1.4X, IBE 2X, Ang 1.4X, Ang 2X, Optex 2X",Duclos 1.7X,Yes,N/A,2009,,,,,
,,100mm,1.4,"2' 6""",6.36 lbs,"7""",110mm,PL,43mm,35mm OK,7,"IBE 1.4X, IBE 2X, Ang 1.4X, Ang 2X, Century 2X, Optex 2X",Duclos 1.7X,Yes,N/A,2009,,,,,
,,135mm,1.4,"2' 9""",11.6 lbs,"8.6""",136mm,PL,43mm,35mm OK,7,"IBE 1.4X, IBE 2X, Ang 1.4X, Ang 2X, Optex 2X",,Yes,Attached to lens,2009,,,,,
,,,,,,,,,,,,,,,,,,,,,
,,Focal Length,T-Stop,Close Focus,Weight (lbs),Length (in),Front Diameter (mm),Mount,Image Circle (mm),Film Compatibility,Iris Blade Count,Extender,Expander,LDS,Support Post Length (mm),Manufacture Year,Notes,,,,
Cooke,Mini S4/i,18mm,2.8,"10""",3.8 lbs,"4.7""",110mm,PL,35mm,35mm OK,8,None,,Yes,N/A,2009,Regular & Uncoated,,,,
,,21mm,2.8,"10""",3 lbs,"4.3""",87mm,PL,35mm,35mm OK,8,None,,Yes,N/A,2009,Regular & Uncoated,,,,
,,25mm,2.8,"10""",3 lbs,"4.2""",87mm,PL,33mm,35mm OK,8,None,,Yes,N/A,2009,Regular & Uncoated,,,,
,,32mm,2.8,"12""",3.2 lbs,"4.3""",87mm,PL,34mm clear / 38mm with falloff,35mm OK,8,None,,Yes,N/A,2009,Regular & Uncoated,,,,
,,40mm,2.8,"16""",3.4 lbs,"4.4""",87mm,PL,36mm,35mm OK,8,"IBE 1.4X, IBE 2X",,Yes,N/A,2009,Regular & Uncoated,,,,
,,50mm,2.8,"20""",3.4 lbs,"5.4""",87mm,PL,38mm,35mm OK,8,"IBE 1.4X, IBE 2X",,Yes,N/A,2009,Regular & Uncoated,,,,
,,65mm,2.8,"2' 3""",3.2 lbs,"5.3""",87mm,PL,39mm,35mm OK,8,"IBE 1.4X, IBE 2X, Ang 1.4X, Ang 2X, Optex, 2X, Century 2X",,Yes,N/A,2009,Regular & Uncoated,,,,
,,75mm,2.8,"2' 6""",3.2 lbs,"5.4""",87mm,PL,41mm clear / 43mm with falloff,35mm OK,8,"IBE 1.4X, IBE 2X",,Yes,N/A,2009,Regular & Uncoated,,,,
,,100mm,2.8,3',3.5 lbs,"5.4""",87mm,PL,41mm clear / 43mm with falloff,35mm OK,8,"IBE 1.4X, IBE 2X, Ang 1.4X, Ang 2X, Optex, 2X",,Yes,N/A,2009,Regular & Uncoated,,,,
,,135mm,2.8,"3' 3""",4 lbs,"6.3""",87mm,PL,43mm,35mm OK,8,"IBE 1.4X, IBE 2X",,Yes,N/A,2009,Regular & Uncoated,,,,
,,,,,,,,,,,,,,,,,,,,,
,,Focal Length,T-Stop,Close Focus,Weight (lbs),Length (in),Front Diameter (mm),Mount,Image Circle (mm),Film Compatibility,Iris Blade Count,Extender,Expander,LDS,Support Post Length (mm),Manufacture Year,Notes,,,,
Cooke,Panchro/i Classic,18mm,2.2,"9""",,,110mm,PL,30mm,35mm OK,,,,Yes,N/A,2018,Modern Remake,,,,
,,25mm,2.2,"9""",3.3 lbs,"3.6""",110mm,PL,30mm,35mm OK,,,,Yes,N/A,2018,Modern Remake,,,,
,,32mm,2.2,"12""",,,110mm,PL,30mm,35mm OK,,,,Yes,N/A,2018,Modern Remake,,,,
,,40mm,2.2,"16""",3.1 lbs,"4.6""",110mm,PL,30mm,35mm OK,,,,Yes,N/A,2018,Modern Remake,,,,
,,50mm,2.2,"20""",3.3 lbs,"4.6""",110mm,PL,30mm,35mm OK,,,,Yes,N/A,2018,Modern Remake,,,,
,,75mm,2.2,"30""",4 lbs,"6.1""",110mm,PL,30mm,35mm OK,,,,Yes,N/A,2018,Modern Remake,,,,
,,100mm,2.2,"36""",4 lbs,"6.1""",110mm,PL,30mm,35mm OK,,,,Yes,N/A,2018,Modern Remake,,,,
,,152mm,,"42""",,,110mm,PL,30mm,35mm OK,,,,Yes,N/A,2018,Modern Remake,,,,
,,,,,,,,,,,,,,,,,,,,,
,,Focal Length,T-Stop,Close Focus,Weight (lbs),Length (in),Front Diameter (mm),Mount,Image Circle (mm),Film Compatibility,Iris Blade Count,Extender,Expander,LDS,Support Post Length (mm),Manufacture Year,Notes,,,,
Cooke,S4 and S4/i,12mm,2,"9""",6.2 lbs,"5""",156mm,PL,28.5mm,35mm OK,8,None,,Yes for /i,N/A,1998,,,,,
,,14mm,2,"9""",4.8 lbs,"5""",110mm,PL,30mm,35mm OK,8,None,No,Yes for /i,N/A,1998,,,,,
,,16mm,2,"9""",5.4 lbs,"5""",110mm,PL,32mm,35mm OK,8,None,No,Yes for /i,N/A,1998,,,,,
,,18mm,2,"9""",3.85 lbs,"4.5""",110mm,PL,32mm,35mm OK,8,None,No,Yes for /i,N/A,1998,,,,,
,,21mm,2,"9""",4.4 lbs,"4.5""",110mm,PL,32mm,35mm OK,8,None,No,Yes for /i,N/A,1998,,,,,
,,25mm,2,"9""",3.5 lbs,"4.5""",110mm,PL,33mm,35mm OK,8,None,No,Yes for /i,N/A,1998,,,,,
,,27mm,2,"10""",3.5 lbs,"4.5""",110mm,PL,33mm,35mm OK,8,None,No,Yes for /i,N/A,1998,,,,,
,,32mm,2,"12""",4 lbs,"5.12""",110mm,PL,34mm,35mm OK,8,None,No,Yes for /i,N/A,1998,,,,,
,,35mm,2,"14""",4.2 lbs,"5.12""",110mm,PL,35mm,35mm OK,8,None,Duclos 1.7X,Yes for /i,N/A,1998,,,,,
,,40mm,2,"16""",4.4 lbs,"5.6""",110mm,PL,32mm,35mm OK,8,IBE 1.4X,Duclos 1.7X,Yes for /i,N/A,1998,,,,,
,,50mm,2,"20""",3.3 lbs,"4.9""",110mm,PL,39mm,35mm OK,8,"IBE 1.4X, IBE 2X",Duclos 1.7X,Yes for /i,N/A,1998,,,,,
,,65mm,2,"2' 3""",3.5 lbs,"4.9""",110mm,PL,39mm,35mm OK,8,"IBE 1.4X, IBE 2X, Ang 2X",Duclos 1.7X,Yes for /i,N/A,1998,Soft focus attachment available,,,,
,,75mm,2,"2' 6""",4.2 lbs,"4.9""",110mm,PL,43mm,35mm OK,8,"IBE 1.4X, IBE 2X, Ang 2X, Century 2X, Optex 2X",Duclos 1.7X,Yes for /i,N/A,1998,Soft focus attachment available (must be used with included adapter ring),,,,
,,100mm,2,3',4.6 lbs,"5.6""",110mm,PL,43mm,35mm OK,8,"IBE 1.4X, IBE 2X, Ang 2X, Century 2X, Optex 2X",Duclos 1.7X,Yes for /i,N/A,1998,,,,,
,,135mm,2 (+2/3 at CF),"2' 9""",5 lbs,"7.3""",110mm,PL,43mm,35mm OK,8,"IBE 1.4X, IBE 2X, Ang 1.4X, Ang 2X, Optex, 2X, Century 2X, Optitek 1.4X",Duclos 1.7X,Yes for /i,N/A,1998,,,,,
,,150mm,2 (+1/2 at CF),"3' 6""",7.3 lbs,"6.2""",125mm,PL,43mm,35mm OK,8,"IBE 1.4X, IBE 2X",Duclos 1.7X,Yes for /i,Attached to lens,1998,,,,,
,,180mm,2 (+2/3 at CF),"4' 3""",9.5 lbs,"7.3""",136mm,PL,43mm,35mm OK,8,"IBE 1.4X, IBE 2X, Ang 2X, Century 2X, Optex 2X",,Yes for /i,Attached to lens,1998,,,,,
,,300mm,2.8,7',10.6 lbs,"8""",136mm,PL,43mm,35mm OK,8,"IBE 1.4X, IBE 2X, Ang 2X, Century 2X, Optex 2X",,Yes for /i,Attached to lens,1998,,,,,
,,,,,,,,,,,,,,,,,,,,,
,,Focal Length,T-Stop,Close Focus,Weight (lbs),Length (in),Front Diameter (mm),Mount,Image Circle (mm),Film Compatibility,Iris Blade Count,Extender,Expander,LDS,Support Post Length (mm),Manufacture Year,Notes,,,,
Cooke,SP3,18mm,2.4,"10""",1.51 lbs,"4.29""",82mm,E/RF/L/M,43.3mm,NO,,,,No,N/A,2024,Not currently in inventory,,,,
,,25mm,2.4,"10""",1.27 lbs,"3.85""",64mm,E/RF/L/M,43.3mm,NO,,,,No,N/A,2023,Not currently in inventory,,,,
,,32mm,2.4,"13""",1.15 lbs,"3.7""",64mm,E/RF/L/M,43.3mm,NO,,,,No,N/A,2023,Not currently in inventory,,,,
,,50mm,2.4,"20""",1.10 lbs,"3.7""",64mm,E/RF/L/M,43.3mm,NO,,,,No,N/A,2023,Not currently in inventory,,,,
,,75mm,2.4,3',1.15 lbs,"3.85""",64mm,E/RF/L/M,43.3mm,NO,,,,No,N/A,2023,Not currently in inventory,,,,
,,100mm,2.4,3',1.52 lbs,"4.88""",82mm,E/RF/L/M,43.3mm,NO,,,,No,N/A,2023,Not currently in inventory,,,,
,,,,,,,,,,,,,,,,,,,,,
,,Focal Length,T-Stop,Close Focus,Weight (lbs),Length (in),Front Diameter (mm),Mount,Image Circle (mm),Film Compatibility,Iris Blade Count,Extender,Expander,LDS,Support Post Length (mm),Manufacture Year,Notes,,,,
Cooke,Speed Panchro,18mm,2.2,"8""",1.8 lbs,"2.25""",110mm,PL,20mm clear / 32mm with falloff,35mm OK,"2""",None,No,No,N/A,Series 1: 1921-1931 / Series 2: 1940-1945 / Series 3: 1954,TLS / Vintage,,,,
,,25mm,2.2,"8""",1.8 lbs,"2.7""",110mm,PL,23mm clear / 33mm with falloff,35mm OK,8,None,No,No,N/A,Series 1: 1921-1931 / Series 2: 1940-1945 / Series 3: 1954,TLS / Vintage,,,,
,,28mm,2.3,"8""",1.8 lbs,"2.7""",110mm,PL,22mm clear / 27mm with falloff,35mm OK,12,None,No,No,N/A,Series 1: 1921-1931 / Series 2: 1940-1945 / Series 3: 1954,TLS / Vintage,,,,
,,32mm,2.3,"9""",1.8 lbs,"2.7""",110mm,PL,26mm clear / 33mm with falloff,35mm OK,12,None,No,No,N/A,Series 1: 1921-1931 / Series 2: 1940-1945 / Series 3: 1954,TLS / Vintage,,,,
,,40mm,2.3,"13""",1.8 lbs,"2.7""",110mm,PL,32mm clear / 37mm with falloff,35mm OK,12,None,No,No,N/A,Series 1: 1921-1931 / Series 2: 1940-1945 / Series 3: 1954,TLS / Vintage,,,,
,,50mm,2.3,"15""",2.2 lbs,"3.1""",110mm,PL,36mm clear / 43mm with falloff,35mm OK,12,IBE 1.4X,No,No,N/A,Series 1: 1921-1931 / Series 2: 1940-1945 / Series 3: 1954,TLS / Vintage,,,,
,,75mm,2.3,"2' 4""",2.8 lbs,"3.5""",110mm,PL,38mm clear / 43mm with falloff,35mm OK,12,"IBE 1.4X, IBE 2X",No,No,N/A,Series 1: 1921-1931 / Series 2: 1940-1945 / Series 3: 1954,TLS / Vintage,,,,
,,100mm,2.8,2',3.5 lbs,"5.75""",110mm,PL,39mm clear / 43mm with falloff,35mm OK,16,"IBE 1.4X, IBE 2X",No,No,N/A,Series 1: 1921-1931 / Series 2: 1940-1945 / Series 3: 1954,TLS / Vintage,,,,
,,,,,,,,,,,,,,,,,,,,,
,,Focal Length,T-Stop,Close Focus,Weight (lbs),Length (in),Front Diameter (mm),Mount,Image Circle (mm),Film Compatibility,Iris Blade Count,Extender,Expander,LDS,Support Post Length (mm),Manufacture Year,Notes,,,,
Cooke,Speed Panchro,18mm,2.2,"7""",1.2 lbs,"2.5""",100mm,PL,22mm clear / 28mm with falloff,35mm OK,8,None,,No,N/A,Series 1: 1921-1931 / Series 2: 1940-1945 / Series 3: 1954,Van Diemen / Vintage,,,,
,,25mm,2.2,"11""",1 lb,"2.5""",100mm,PL,25mm clear / 33mm with falloff,35mm OK,8,None,,No,N/A,Series 1: 1921-1931 / Series 2: 1940-1945 / Series 3: 1954,Van Diemen / Vintage,,,,
,,32mm,2.3,"8""",1.8 lbs,"3.25""",100mm,PL,25mm clear / 29mm with falloff,35mm OK,12,None,,No,N/A,Series 1: 1921-1931 / Series 2: 1940-1945 / Series 3: 1954,Van Diemen / Vintage,,,,
,,40mm,2.3,"12""",2 lbs,"3.4""",100mm,PL,31mm clear / 38mm with falloff,35mm OK,12,None,,No,N/A,Series 1: 1921-1931 / Series 2: 1940-1945 / Series 3: 1954,Van Diemen / Vintage,,,,
,,50mm,2.3,"11""",2.2 lbs,"4.5""",100mm,PL,37mm clear / 39mm with falloff,35mm OK,12,None,,No,N/A,Series 1: 1921-1931 / Series 2: 1940-1945 / Series 3: 1954,Van Diemen / Vintage,,,,
,,75mm,2.3,"20""",2.5 lbs,"4.5""",100mm,PL,38mm clear / 43mm with falloff,35mm OK,12,"IBE 2X, Ang 2X",,No,N/A,Series 1: 1921-1931 / Series 2: 1940-1945 / Series 3: 1954,Van Diemen / Vintage,,,,
,,100mm,2.8,"30""",2.6 lbs,"4.5""",100mm,PL,43mm,35mm OK,16,IBE 2X,,No,N/A,Series 1: 1921-1931 / Series 2: 1940-1945 / Series 3: 1954,Van Diemen / Vintage,,,,
,,,,,,,,,,,,,,,,,,,,,
,,Focal Length,T-Stop,Close Focus,Weight (lbs),Length (in),Front Diameter (mm),Mount,Image Circle (mm),Film Compatibility,Iris Blade Count,Extender,Expander,LDS,Support Post Length (mm),Manufacture Year,Notes,,,,
Cooke,Speed Panchro,18mm,2.2,1',1.14 lbs,"2""",80mm,PL,,35mm OK,8,None,,No,N/A,Series 1: 1921-1931 / Series 2: 1940-1945 / Series 3: 1954,P+S Technik / Vintage / Not currently in inventory,,,,
,,25mm,2.2,1.75',1.2 lbs,"2""",80mm,PL,23mm clear / 32mm with falloff,35mm OK,8,None,,No,N/A,Series 1: 1921-1931 / Series 2: 1940-1945 / Series 3: 1954,P+S Technik / Vintage,,,,
,,32mm,2.3,1.25',1 lbs,"2""",80mm,PL,23mm clear / 32mm with falloff,35mm OK,12,None,,No,N/A,Series 1: 1921-1931 / Series 2: 1940-1945 / Series 3: 1954,P+S Technik / Vintage,,,,
,,40mm,2.3,2',1.2 lbs,"2""",80mm,PL,32mm clear / 40mm with falloff,35mm OK,12,None,,No,N/A,Series 1: 1921-1931 / Series 2: 1940-1945 / Series 3: 1954,P+S Technik / Vintage,,,,
,,50mm,2.3,3',1.23 lbs,"3""",80mm,PL,,35mm OK,12,None,,No,N/A,Series 1: 1921-1931 / Series 2: 1940-1945 / Series 3: 1954,P+S Technik / Vintage,,,,
,,75mm,2.2,4.5',1.54 lbs,"3""",80mm,PL,,35mm OK,12,None,,No,N/A,Series 1: 1921-1931 / Series 2: 1940-1945 / Series 3: 1954,P+S Technik / Vintage,,,,
,,100mm,2.8,4',2.53 lbs,"5""",80mm,PL,,35mm OK,16,None,,No,N/A,Series 1: 1921-1931 / Series 2: 1940-1945 / Series 3: 1954,P+S Technik / Vintage,,,,
,,,,,,,,,,,,,,,,,,,,,
,,Focal Length,T-Stop,Close Focus,Weight (lbs),Length (in),Front Diameter (mm),Mount,Image Circle (mm),Film Compatibility,Iris Blade Count,Extender,Expander,LDS,Support Post Length (mm),Manufacture Year,Notes,,,,
Cooke,Speed Panchro,18mm,2.2,"12""",1.25 lbs,"2""",80mm,PL,22mm clear / 28mm with falloff,35mm OK,12,None,,No,N/A,1954,Vintage,,,,
,,25mm,2.2,"12""",1 lbs,"2""",80mm,PL,,35mm OK,,,,No,N/A,1954,Vintage,,,,
,,32mm,2.3,"12""",1 lbs,"2.13""",80mm,PL,,35mm OK,,,,No,N/A,1954,Vintage,,,,
,,40mm,2.3,"12""",1 lbs,"2.63""",80mm,PL,,35mm OK,,,,No,N/A,1954,Vintage,,,,
,,50mm,2.3,"1' 6""",1 lbs,"3.25""",80mm,PL,,35mm OK,,,,No,N/A,1954,Vintage,,,,
,,75mm,2.3,2',2 lbs,"3.25""",80mm,PL,,35mm OK,,,,No,N/A,1954,Vintage,,,,
,,100mm,2.8,3',2.5 lbs,"4.25""",80mm,PL,,35mm OK,,,,No,N/A,1954,Vintage,,,,
,,,,,,,,,,,,,,,,,,,,,
,,Focal Length,T-Stop,Close Focus,Weight (lbs),Length (in),Front Diameter (mm),Mount,Image Circle (mm),Film Compatibility,Iris Blade Count,Extender,Expander,LDS,Support Post Length (mm),Manufacture Year,Notes,,,,
Kinoptik,Tegea 9.8mm,9.8mm,2.3,"7.75""",3.88 lbs,,114mm,PL,S35,,,,,No,N/A,1960's,"Ancient Optics Rehousing, Sharper/cleaner than the other 9.8 Kinoptik's",,,,
,,,,,,,,,,,,,,,,,,,,,
,,Focal Length,T-Stop,Close Focus,Weight (lbs),Length (in),Front Diameter (mm),Mount,Image Circle (mm),Film Compatibility,Iris Blade Count,Extender,Expander,LDS,Support Post Length (mm),Manufacture Year,Notes,,,,
Kinoptik,Tegea 9.8mm,9.8mm,2.3,"8.5""",3.6 lbs,"5""",89mm,PL,24mm clear / 28mm with falloff,35mm OK,9,None,,No,N/A,1960's,"Century Rehousing, Rectilinear / Drop-in filter size: 2"" x 2"" / Wide angle adapter available (see accessories)",,,,
,,,,,,,,,,,,,,,,,,,,,
,,Focal Length,T-Stop,Close Focus,Weight (lbs),Length (in),Front Diameter (mm),Mount,Image Circle (mm),Film Compatibility,Iris Blade Count,Extender,Expander,LDS,Support Post Length (mm),Manufacture Year,Notes,,,,
Kinoptik,Tegea 9.8mm,9.8mm,2.3,"9""",2.6 lbs,"5""",89mm,PL / Bayonet,24mm clear / 28mm with falloff,35mm OK,9,None,,No,N/A,1960's,"Rectilinear / Drop-in filter size: 2"" x 2"" / Lacks cinema gear pitch",,,,
,,,,,,,,,,,,,,,,,,,,,
,,Focal Length,T-Stop,Close Focus,Weight (lbs),Length (in),Front Diameter (mm),Mount,Image Circle (mm),Film Compatibility,Iris Blade Count,Extender,Expander,LDS,Support Post Length (mm),Manufacture Year,Notes,,,,
Kowa,Cine Prominar,15mm,4,9”,0.8 lbs,1.4”,90.5mm,PL,22mm clear / 24mm with falloff,35mm OK,8,None,None,No,N/A,1960's,Focus gear is front diameter / No focus end stops,,,,
,,20mm,2.6,1',1.8 lbs,"4.5""",120mm,PL,25mm clear / 30mm with falloff,35mm OK,8,None,None,No,N/A,1960's,,,,,
,,25mm,2.3,1',2.4 lbs,"5.3""",98mm,PL,31mm clear / 34mm with falloff,35mm OK,10,None,None,No,N/A,1960's,,,,,
,,32mm,2.3,"1' 6""",1.2 lbs,"2.6""",75mm,PL,30mm clear / 38mm with falloff,35mm OK,8,None,None,No,N/A,1960's,Rotating front (with iris),,,,
,,40mm,2.3,"2' 6""",1 lb,"2.5""",75mm,PL,28mm clear / 34mm with falloff,35mm OK,8,None,None,No,N/A,1960's,Rotating front (with iris),,,,
,,50mm,2.3,"2' 6""",1 lb,"3"" - 3.4""",70mm,PL,35mm clear / 43mm with falloff,35mm OK,12,"IBE 1.4X, IBE 2X",None,No,N/A,1960's,Rotating front (with iris) / Telescoping,,,,
,,75mm,2.3,3',1.4 lbs,"3.5"" - 3.75""",70mm,PL,39mm clear / 43mm with falloff,35mm OK,12,"IBE 1.4X, IBE 2X",None,No,N/A,1960's,Rotating front (with iris) / Telescoping,,,,
,,100mm,2.6,5',1.8 lbs,"3.8 - 4.2""",70mm,PL,39mm clear / 43mm with falloff,35mm OK,12,"IBE 1.4X, IBE 2X",None,No,N/A,1960's,Rotating front (with iris) / Telescoping,,,,
,,200mm,2.8,8',3 lbs,,,PL,,35mm OK,,,None,No,N/A,1960's,Not currently in inventory,,,,
,,,,,,,,,,,,,,,,,,,,,
,,Focal Length,T-Stop,Close Focus,Weight (lbs),Length (in),Front Diameter (mm),Mount,Image Circle (mm),Film Compatibility,Iris Blade Count,Extender,Expander,LDS,Support Post Length (mm),Manufacture Year,Notes,,,,
Kowa,Cine Prominar,15mm,4,"7""",1.8 lbs,"2.2""",125mm,PL,26mm,35mm OK,8,None,No,No,N/A,1960's,TLS,,,,
,,20mm,2.6,"10""",3.2 lbs,"4.2""",110mm,PL,37mm,35mm OK,8,None,No,No,N/A,1960's,TLS,,,,
,,25mm,2.3,"11""",4.2 lbs,"5.6""",110mm,PL,35mm,35mm OK,10,"IBE 1.4X, IBE 2X",No,No,N/A,1960's,TLS,,,,
,,32mm,2.3,"10""",2 lbs,"2.6""",110mm,PL,32mm clear / 38mm with falloff,35mm OK,8,None,No,No,N/A,1960's,TLS,,,,
,,40mm,2.3,"13""",2 lbs,"2.6""",110mm,PL,31mm clear / 38mm with falloff,35mm OK,8,None,Duclos 1.7X,No,N/A,1960's,TLS,,,,
,,50mm,2.3,"19""",2 lbs,"2.6""",110mm,PL,35mm clear / 43mm with falloff,35mm OK,12,"IBE 1.4X, IBE 2X",Duclos 1.7X,No,N/A,1960's,TLS,,,,
,,75mm,2.3,"2' 4""",2.6 lbs,"3.4""",110mm,PL,39mm clear / 43mm with falloff,35mm OK,12,"IBE 1.4X, IBE 2X",Duclos 1.7X,No,N/A,1960's,TLS,,,,
,,100mm,2.6,"3' 3""",3.8 lbs,"5.1""",110mm,PL,40mm clear / 43mm with falloff,35mm OK,12,"IBE 1.4X, IBE 2X",Duclos 1.7X,No,N/A,1960's,TLS,,,,
,,,,,,,,,,,,,,,,,,,,,
,,Focal Length,T-Stop,Close Focus,Weight (lbs),Length (in),Front Diameter (mm),Mount,Image Circle (mm),Film Compatibility,Iris Blade Count,Extender,Expander,LDS,Support Post Length (mm),Manufacture Year,Notes,,,,
Leitz,Summicron,15mm,2,1',3.6 lbs,"4.65""",95mm,PL,39mm,35mm OK,8,None,,No,N/A,2017,,,,,
,,18mm,2,1',3 lbs,"4""",95mm,PL,38mm,35mm OK,8,None,Duclos 1.7X,No,N/A,2013,,,,,
,,21mm,2,1',2.85 lbs,"4""",95mm,PL,38mm,35mm OK,8,None,Duclos 1.7X,No,N/A,2014,,,,,
,,25mm,2,1',3.4 lbs,"4""",95mm,PL,39mm,35mm OK,8,None,Duclos 1.7X,No,N/A,2013,,,,,
,,29mm,2,1',2.85 lbs,"4""",95mm,PL,39mm,35mm OK,8,None,Duclos 1.7X,No,N/A,2014,,,,,
,,35mm,2,"1' 2""",3 lbs,"4""",95mm,PL,40mm clear / 43mm with falloff,35mm OK,8,None,Duclos 1.7X,No,N/A,2013,,,,,
,,40mm,2,"1' 6""",3 lbs,"4""",95mm,PL,39mm,35mm OK,8,None,Duclos 1.7X,No,N/A,2014,,,,,
,,50mm,2,2',3.25 lbs,"4""",95mm,PL,41mm clear / 43mm with falloff,35mm OK,8,None,Duclos 1.7X,No,N/A,2013,,,,,
,,75mm,2,3',2.75 lbs,"4""",95mm,PL,40mm clear / 32mm with falloff,35mm OK,8,None,Duclos 1.7X,No,N/A,2013,,,,,
,,100mm,2,"3' 4""",2.75 lbs,"4""",95mm,PL,40mm clear / 43mm with falloff,35mm OK,8,None,Duclos 1.7X,No,N/A,2013,,,,,
,,135mm,2,5',4 lbs,"4.65""",95mm,PL,39mm clear / 43mm with falloff,35mm OK,8,None,Duclos 1.7X,No,N/A,2014,,,,,
,,,,,,,,,,,,,,,,,,,,,
,,Focal Length,T-Stop,Close Focus,Weight (lbs),Length (in),Front Diameter (mm),Mount,Image Circle (mm),Film Compatibility,Iris Blade Count,Extender,Expander,LDS,Support Post Length (mm),Manufacture Year,Notes,,,,
Leitz,Summilux,16mm,1.4,"1' 2""",3.75 lbs,"5.6""",95mm,PL,33mm,35mm OK,10,"IBE 1.4X, IBE 2X, Ang 1.4X, Ang 2X, Century 2X, Optex 2X",Duclos 1.7X,No,N/A,2015,,,,,
,,18mm,1.4,"1' 6""",3.7 lbs,"5.6""",95mm,PL,36.5mm,35mm OK,10,"IBE 1.4X, IBE 2X, Ang 1.4X, Ang 2X, Century 2X, Optex 2X",Duclos 1.7X,No,N/A,2010,,,,,
,,21mm,1.4,"1' 3""",3.5 lbs,"5.6""",95mm,PL,40mm,35mm OK,11,"IBE 1.4X, IBE 2X, Ang 1.4X, Ang 2X, Century 2X, Optex 2X",Duclos 1.7X,No,N/A,2010,,,,,
,,25mm,1.4,"1' 3""",4 lbs,"5.6""",95mm,PL,41mm,35mm OK,11,"IBE 1.4X, IBE 2X, Ang 1.4X, Ang 2X, Century 2X, Optex 2X",Duclos 1.7X,No,N/A,2010,,,,,
,,29mm,1.4,"1' 6""",3.75 lbs,"5.6""",95mm,PL,41.5mm,35mm OK,11,"IBE 1.4X, IBE 2X, Ang 1.4X, Ang 2X, Century 2X, Optex 2X",Duclos 1.7X,No,N/A,2012,,,,,
,,35mm,1.4,"1' 6""",3.6 lbs,"5.6""",95mm,PL,41.5mm,35mm OK,12,"IBE 1.4X, IBE 2X, Ang 1.4X, Ang 2X, Century 2X, Optex 2X",Duclos 1.7X,No,N/A,2010,,,,,
,,40mm,1.4,"1' 6""",3.6 lbs,"5.6""",95mm,PL,43mm,35mm OK,11,"IBE 1.4X, IBE 2X, Ang 1.4X, Ang 2X, Century 2X, Optex 2X",Duclos 1.7X,No,N/A,2010,,,,,
,,50mm,1.4,2',4 lbs,"5.6""",95mm,PL,43mm,35mm OK,10,"IBE 1.4X, IBE 2X, Ang 1.4X, Ang 2X, Century 2X, Optex 2X",Duclos 1.7X,No,N/A,2010,,,,,
,,65mm Macro,1.4 (2 at CF),"1' 6""",3.75 lbs,"5.6""",95mm,PL,43mm,35mm OK,15,"IBE 1.4X, IBE 2X, Ang 1.4X, Ang 2X, Century 2X, Optex 2X",Duclos 1.7X,No,N/A,2012,,,,,
,,75mm,1.4,"2' 6""",3.6 lbs,"5.6""",95mm,PL,43mm,35mm OK,15,"IBE 1.4X, IBE 2X, Ang 1.4X, Ang 2X, Century 2X, Optex 2X",Duclos 1.7X,No,N/A,2010,,,,,
,,100mm,1.4,"3' 3""",3.5 lbs,"5.6""",95mm,PL,43mm,35mm OK,15,"IBE 1.4X, IBE 2X, Ang 1.4X, Ang 2X, Century 2X, Optex 2X",Duclos 1.7X,No,N/A,2010,,,,,
,,135mm,1.4,"4' 7""",7.4 lbs,"7.6""",114mm,PL,43mm,35mm OK,15,"IBE 1.4X, IBE 2X, Ang 1.4X, Ang 2X, Century 2X, Optex 2X",,No,32mm,2016,,,,,
,,,,,,,,,,,,,,,,,,,,,
,,Focal Length,T-Stop,Close Focus,Weight (lbs),Length (in),Front Diameter (mm),Mount,Image Circle (mm),Film Compatibility,Iris Blade Count,Extender,Expander,LDS,Support Post Length (mm),Manufacture Year,Notes,,,,
Leitz,Elmarit-R,19mm,3.2,"11""",2.2 lbs,"2.8""",110mm,PL,33mm clear / 41mm with falloff,35mm OK,6,"IBE 1.4X, IBE 2X, Ang 1.4X, Ang 2X, Century 2X, Optex 2X",,No,N/A,1970-1990,"Mark I, P+S Technik / Not in inventory",,,,
,,28mm,2.8,"17""",2.2 lbs,"3""",110mm,PL,35mm clear / 43mm with falloff,35mm OK,6,"IBE 1.4X, IBE 2X, Ang 1.4X",,No,N/A,1970-1990,"Mark I, P+S Technik / Not in inventory",,,,
,,35mm,1.6,"20""",3.4 lbs,"4.5""",110mm,PL,40mm clear / 43mm with falloff,35mm OK,7,"IBE 1.4X, IBE 2X",,No,N/A,1970-1990,"Mark I, P+S Technik / Not in inventory",,,,
,,50mm,1.4,"19""",2.6 lbs,"3.3""",110mm,PL,40mm clear / 43mm with falloff,35mm OK,6,"IBE 1.4X, IBE 2X",,No,N/A,1970-1990,"Mark I, P+S Technik / Not in inventory",,,,
,,60mm,2.8,,,,110mm,PL,,35mm OK,,,,No,N/A,1970-1990,"Mark I, P+S Technik / Not in inventory",,,,
,,135mm,2.8,,,,110mm,PL,,35mm OK,,,,No,N/A,1970-1990,"Mark I, P+S Technik / Not in inventory",,,,
,,,,,,,,,,,,,,,,,,,,,
,,Focal Length,T-Stop,Close Focus,Weight (lbs),Length (in),Front Diameter (mm),Mount,Image Circle (mm),Film Compatibility,Iris Blade Count,Extender,Expander,LDS,Support Post Length (mm),Manufacture Year,Notes,,,,
Leitz,Elmarit-R,19mm,2.8,"11""",1.6 lbs,"2.4""",95mm,PL,33mm clear / 38mm with falloff,35mm OK,6,"IBE 1.4X, IBE 2X",,No,N/A,1970-1990,"Mark I, GL Optics",,,,
,,28mm,2.8,"9""",1.8 lbs,"2.4""",95mm,PL,35mm clear / 42mm with falloff,35mm OK,6,"IBE 1.4X, IBE 2X",,No,N/A,1970-1990,"Mark I, GL Optics",,,,
,,35mm,1.4,2',3.2 lbs,"3.3""",95mm,PL,39mm clear / 43mm with falloff,35mm OK,7,"IBE 1.4X, IBE 2X",,No,N/A,1970-1990,"Mark I, GL Optics",,,,
,,50mm,1.4,"1' 8""",2.1 lbs,"3.3""",95mm,PL,40mm clear / 43mm with falloff,35mm OK,6,"IBE 1.4X, IBE 2X",,No,N/A,1970-1990,"Mark I, GL Optics",,,,
,,80mm,1.4,"2' 3""",3 lbs,"3.3""",95mm,PL,40mm clear / 43mm with falloff,35mm OK,9,"IBE 1.4X, IBE 2X, Optex 2X",,No,N/A,1970-1990,"Mark I, GL Optics",,,,
,,100mm Macro,2.8,"1' 6""",5.8 lbs,"6.4""",95mm,PL,40mm clear / 43mm with falloff,35mm OK,7,"IBE 1.4X, IBE 2X",,No,N/A,1970-1990,"Mark I, GL Optics",,,,
,,135mm,2.8,5',4.2 lbs,"4.4""",95mm,PL,41mm clear / 43mm with falloff,35mm OK,8,"IBE 1.4X, IBE 2X, Ang 1.4X, Ang 2X, Century 2X, Optex 2X",,No,N/A,1970-1990,"Mark I, GL Optics",,,,
,,,,,,,,,,,,,,,,,,,,,
,,Focal Length,T-Stop,Close Focus,Weight (lbs),Length (in),Front Diameter (mm),Mount,Image Circle (mm),Film Compatibility,Iris Blade Count,Extender,Expander,LDS,Support Post Length (mm),Manufacture Year,Notes,,,,
Leitz,Elmarit-R,19mm,2.8,1',1.4 lbs,"2.25""",80mm,PL / Bayonet,35mm clear / 43mm with falloff,35mm OK,6,"IBE 1.4X, IBE 2X, Ang 1.4X, Ang 2X",,No,N/A,1970-1990,"Mark I, Van Diemen / Vintage",,,,
,,24mm,,,,,,PL / Bayonet,,35mm OK,,,,No,N/A,1970-1990,"Mark I, Van Diemen / Vintage",,,,
,,28mm,2.8,"10""",1.1 lbs,"2.25""",80mm,PL / Bayonet,35mm clear / 43mm with falloff,35mm OK,6,"IBE 1.4X, IBE 2X, Ang 1.4X, Ang 2X",,No,N/A,1970-1990,"Mark I, Van Diemen / Vintage",,,,
,,35mm,,,,,,PL / Bayonet,,35mm OK,,,,No,N/A,1970-1990,"Mark I, Van Diemen / Vintage",,,,
,,50mm,1.4,"1' 4""",1.4 lbs,"2.25""",80mm,PL / Bayonet,41mm clear / 43mm with falloff,35mm OK,6,"IBE 1.4X, IBE 2X, Ang 1.4X, Ang 2X, Century 2X, Optex 2X",,No,N/A,1970-1990,"Mark I, Van Diemen / Vintage",,,,
,,,,,,,,,,,,,,,,,,,,,
,,Focal Length,T-Stop,Close Focus,Weight (lbs),Length (in),Front Diameter (mm),Mount,Image Circle (mm),Film Compatibility,Iris Blade Count,Extender,Expander,LDS,Support Post Length (mm),Manufacture Year,Notes,,,,
Leitz,Elmarit-R,19mm,T2.9,"9""",2 lbs,"2.7""",110mm,PL,43mm,35mm OK,,,,No,N/A,1970-1990,TLS/Cinescope,,,,
,,24mm,T2.9,"10""",2 lbs,"2.7""",110mm,PL,43mm,35mm OK,,,,No,N/A,1970-1990,TLS/Cinescope,,,,
,,28mm,T2.9,"9""",2 lbs,"2.7""",110mm,PL,43mm,35mm OK,,,,No,N/A,1970-1990,TLS/Cinescope,,,,
,,35mm,T1.5,"1' 8""",3.2 lbs,"3.2""",110mm,PL,43mm,35mm OK,,,,No,N/A,1970-1990,TLS/Cinescope,,,,
,,50mm,T1.5,"1' 5""",2.3 lbs,"2.7""",110mm,PL,43mm,35mm OK,,,,No,N/A,1970-1990,TLS/Cinescope,,,,
,,60mm Macro,T2.9,"11""",3.3 lbs,"4.8""",110mm,PL,43mm,35mm OK,,,,No,N/A,1970-1990,TLS/Cinescope,,,,
,,80mm,T1.5,"1' 10""",3.7 lbs,"3.6""",110mm,PL,43mm,35mm OK,,,,No,N/A,1970-1990,TLS/Cinescope,,,,
,,100mm Macro,T2.9,"1' 5""",4.4 lbs,"6""",110mm,PL,43mm,35mm OK,,,,No,N/A,1970-1990,TLS/Cinescope,,,,
,,135mm,T2.9,"3' 4""",3.4 lbs,"4.8""",110mm,PL,43mm,35mm OK,,,,No,N/A,1970-1990,TLS/Cinescope,,,,
,,,,,,,,,,,,,,,,,,,,,
,,Focal Length,T-Stop,Close Focus,Weight (lbs),Length (in),Front Diameter (mm),Mount,Image Circle (mm),Film Compatibility,Iris Blade Count,Extender,Expander,LDS,Support Post Length (mm),Manufacture Year,Notes,,,,
LOMO,Illumina Mk-II,14mm,1.8,"10""",3.5 lbs,"5""",120mm,PL,33.5mm,,,,,No,N/A,,Luma Tech Housing,,,,
,,18mm,1.3,"10""",3.4 lbs,"4.4"" - 4.5""",95mm,PL,33mm,,9,None,,No,N/A,,Luma Tech Housing,,,,
,,25mm,1.3,"10""",3.8 lbs,"4.5"" - 4.7""",95mm,PL,35mm,,9,None,,No,N/A,,Luma Tech Housing,,,,
,,35mm,1.3,"1' 2""",3.4 lbs,"4"" - 4.2""",95mm,PL,35mm,,9,"IBE 1.4X, IBE 2X",,No,N/A,,Luma Tech Housing,,,,
,,50mm,1.3,"2' 2""",2.8 lbs,"3.75"" - 3.9""",95mm,PL,39mm,,9,"IBE 1.4X, IBE 2X",,No,N/A,,Luma Tech Housing,,,,
,,85mm,1.3,3',3.4 lbs,"4.1"" - 4.4""",95mm,PL,41mm,,9,"IBE 1.4X, IBE 2X",,No,N/A,,Luma Tech Housing,,,,
,,135mm,1.8,5',5.1 lbs,"7.7""",95mm,PL,33.5mm,,,,,No,N/A,,Luma Tech Housing,,,,
,,,,,,,,,,,,,,,,,,,,,
,,Focal Length,T-Stop,Close Focus,Weight (lbs),Length (in),Front Diameter (mm),Mount,Image Circle (mm),Film Compatibility,Iris Blade Count,Extender,Expander,LDS,Support Post Length (mm),Manufacture Year,Notes,,,,
LOMO,Spherical Primes,18mm,3,"20""",1.5 lbs,"2.4 - 2.5""",85mm,PL,S35,,,,,No,N/A,1950's,Standard Speed Version,,,,
,,22mm,2.3,"20""",2 lbs,"3.7 - 3.8""",85mm,PL,S35,,,,,No,N/A,1950's,Standard Speed Version,,,,
,,28mm,2.3,"20""",1.5 lbs,"2.4 - 2.6""",85mm,PL,S35,,,,,No,N/A,1950's,Standard Speed Version,,,,
,,35mm,2.3,"20""",1.5 lbs,"2.4 - 2.6""",85mm,PL,S35,,,,,No,N/A,1950's,Standard Speed Version,,,,
,,50mm,2.3,"24""",1.5 lbs,"2.4 - 2.6""",85mm,PL,S35,,,,,No,N/A,1950's,Standard Speed Version,,,,
,,75mm,2.3,"39""",1.5 lbs,"2.4 - 2.7""",85mm,PL,S35,,,,,No,N/A,1950's,Standard Speed Version,,,,
,,100mm,3,"49""",1.5 lbs,"3.6 - 4""",85mm,PL,S35,,,,,No,N/A,1950's,Standard Speed Version,,,,
,,150mm,3.2,"79""",2.5 lbs,"4.6 - 5.2""",85mm,PL,S35,,,,,No,,1950's,Standard Speed Version,,,,
,,200mm,2.9,"79""",4 lbs,"6.3 - 7.4""",97mm,PL,S35,,,,,No,,1950's,Standard Speed Version,,,,
,,300mm,3.5,"118""",7 lbs,"9.8 - 11.4""",110mm,PL,S35,,,,,No,,1950's,Standard Speed Version,,,,
,,,,,,,,,,,,,,,,,,,,,
,,Focal Length,T-Stop,Close Focus,Weight (lbs),Length (in),Front Diameter (mm),Mount,Image Circle (mm),Film Compatibility,Iris Blade Count,Extender,Expander,LDS,Support Post Length (mm),Manufacture Year,Notes,,,,
LOMO,Vintage Primes,22mm,T2.9,"8""",.8 lbs,"1.5""",95mm,PL,S35,,8,No,No,No,N/A,1950's,,,,,
,,28mm,T2.1,"9""",1.6 lbs,"2.46""",95mm,PL,S35,,10,No,No,No,N/A,1950's,,,,,
,,35mm,T2.1,"9""",1.37 lbs,"2.5""",95mm,PL,S35,,10,No,No,No,N/A,1950's,,,,,
,,50mm,T2.1,"1' 3""",1.6 lbs,"2.75""",95mm,PL,S35,,14,"IBE 1.4X, IBE 2X (T4 or Deeper)",1.7x Duclos,No,N/A,1950's,,,,,
,,75mm,T2.1,2',2.22 lbs,"3.5""",95mm,PL,S35,,16,"IBE 1.4X, IBE 2X (T4 or Deeper)",1.7x Duclos,No,N/A,1950's,,,,,
,,100mm,T2.1,"2' 10""",3.27 lbs,"4.84""",95mm,PL,S35,,15,"IBE 1.4X, IBE 2X (T4 or Deeper)",1.7x Duclos,No,N/A,1950's,,,,,
,,,,,,,,,,,,,,,,,,,,,
,,Focal Length,T-Stop,Close Focus,Weight (lbs),Length (in),Front Diameter (mm),Mount,Image Circle (mm),Film Compatibility,Iris Blade Count,Extender,Expander,LDS,Support Post Length (mm),Manufacture Year,Notes,,,,
Lomography,Petzval,58mm,f/1.9,2',1.85 lbs,"5""",N/A,EF,44mm,35mm OK,N/A (Waterhouse Stop),,,No,N/A,,,,,,
,,85mm,f/2.2,"3' 3""",2 lbs,"6""",N/A,PL,44mm,35mm OK,N/A (Waterhouse Stop),,,No,N/A,,,,,,
,,,,,,,,,,,,,,,,,,,,,
,,Focal Length,T-Stop,Close Focus,Weight (lbs),Length (in),Front Diameter (mm),Mount,Image Circle (mm),Film Compatibility,Iris Blade Count,Extender,Expander,LDS,Support Post Length (mm),Manufacture Year,Notes,,,,
Lomography,Petzval,58mm,2.1,2',2.9 lbs,"2.6""",110mm,PL,44mm,35mm OK,,,,No,N/A,,TLS Rehousng,,,,
,,85mm,2.3,3',3 lbs,"3.4""",110mm,PL,44mm,35mm OK,,,,No,N/A,,TLS Rehousng,,,,
,,,,,,,,,,,,,,,,,,,,,
,,Focal Length,T-Stop,Close Focus,Weight (lbs),Length (in),Front Diameter (mm),Mount,Image Circle (mm),Film Compatibility,Iris Blade Count,Extender,Expander,LDS,Support Post Length (mm),Manufacture Year,Notes,,,,
Nikon,Nikkor Prime,15mm,T4.0,1',2.49 lbs,"3.03""",114mm,PL,,,12,,,No,N/A,,"Some models may feature 136mm front, Zero Optiks Rehousing",,,,
,,20mm,T3.0,"10""",1.28 lbs,"2.16""",95mm,PL,,,,,,No,N/A,,Zero Optiks Rehousing,,,,
,,24mm,T2.2,1',1.52 lbs,,95mm,PL,,,,,,No,N/A,,Zero Optiks Rehousing,,,,
,,28mm,T2.2,"10""",1.74 lbs,,95mm,PL,,,,,,No,N/A,,Zero Optiks Rehousing,,,,
,,35mm,T1.5,1',1.87 lbs,,95mm,PL,,,,,,No,N/A,,Zero Optiks Rehousing,,,,
,,58mm,T1.3,"1' 1""",2.09 lbs,"3.38""",95mm,PL,,,,,,No,N/A,,Zero Optiks Rehousing,,,,
,,85mm,T1.9,"1' 10""",,,95mm,PL,,,,,,No,N/A,,Zero Optiks Rehousing,,,,
,,,,,,,,,,,,,,,,,,,,,
,,Focal Length,T-Stop,Close Focus,Weight (lbs),Length (in),Front Diameter (mm),Mount,Image Circle (mm),Film Compatibility,Iris Blade Count,Extender,Expander,LDS,Support Post Length (mm),Manufacture Year,Notes,,,,
Nikon,Fisheye,6mm Fisheye,2.8,"11""",13.6 lbs,"7""","9""",PL,23mm,35mm OK,7,"IBE 1.4X, IBE 2X, Ang 1.4X, Ang 2X, Century 2X, Optex 2X",No,No,Studio rod support attached,1970s,Drop-in filter size: 40.5mm (Not available on all) / Modified to PL by Century or Focus Optics / Front cap attached and hinged / Vintage,,,,
,,8mm Fisheye,2.8,1',2.4 lbs,"4.75""",123mm,PL / F,23mm,35mm OK,7,"IBE 1.4X, IBE 2X, Ang 1.4X, Ang 2X, Century 2X, Optex 2X",Duclos 1.7x,No,N/A,1964,Drop-in filter size: 40.5mm / Modified to PL by Century or Focus Optics / Vintage,,,,
,,8mm Fisheye,3.2,1',2.4 lbs,"4.75""",123mm,PL / F,23mm,35mm OK,7,"IBE 1.4X, IBE 2X, Ang 1.4X, Ang 2X, Century 2X, Optex 2X",Duclos 1.7x,No,N/A,1964,Drop-in filter size: 40.5mm / Modified to PL by Century or Focus Optics / Vintage,,,,
,,,,,,,,,,,,,,,,,,,,,
,,Focal Length,T-Stop,Close Focus,Weight (lbs),Length (in),Front Diameter (mm),Mount,Image Circle (mm),Film Compatibility,Iris Blade Count,Extender,Expander,LDS,Support Post Length (mm),Manufacture Year,Notes,,,,
Optex,Primes,10.5mm,2.1,"12""",1.8 lbs,"3.15""",120mm,PL,27mm,35mm OK,6,None,,No,N/A,,16mm Standard Speed with wide angle adapter,,,,
,,100mm,2.1,"3' 3""",1.6 lbs,"3.5"" - 4""",80mm,PL,37mm clear / 43mm with falloff,35mm OK,8,"IBE 1.4X, IBE 2X",,No,N/A,,Telescoping,,,,
,,135mm,2,"4' 6""",1.8 lbs,"4"" - 4.75""",80mm,PL,41mm clear / 43mm with falloff,35mm OK,8,"IBE 1.4X, IBE 2X",,No,N/A,,Telescoping / Canon glass,,,,
,,,,,,,,,,,,,,,,,,,,,
,,Focal Length,T-Stop,Close Focus,Weight (lbs),Length (in),Front Diameter (mm),Mount,Image Circle (mm),Film Compatibility,Iris Blade Count,Extender,Expander,LDS,Support Post Length (mm),Manufacture Year,Notes,,,,
Optex,Servlens SVS,15mm,3.5,"9"" (Actual: 7"")",2 lbs,"3"" - 3.2""",99mm,PL,31mm clear / 35mm with falloff,35mm OK,7,"IBE 1.4X, IBE 2X, Ang 1.4X, Ang 2X, Optex, 2X, Century 2X",,No,N/A,,Rehoused by Servicevision / Telescoping,,,,
,,20mm,2.8,"9"" (Actual: 7"")",1.2 lbs,"2.3"" - 2.5""",88mm,PL,30mm clear / 38mm with falloff,35mm OK,7,"IBE 1.4X, IBE 2X",,No,N/A,,Rehoused by Servicevision / Telescoping,,,,
,,24mm,2.8,"9"" (Actual: 7"")",1.4 lbs,"2.8"" - 3.1""",88mm,PL,34mm clear / 39mm with falloff,35mm OK,7,"IBE 1.4X, IBE 2X",,No,N/A,,Rehoused by Servicevision / Telescoping,,,,
,,28mm,2.8,"9"" (Actual: 7"")",1.4 lbs,"2.9"" - 3.4""",88mm,PL,33mm clear / 39mm with falloff,35mm OK,7,"IBE 1.4X, IBE 2X",,No,N/A,,Rehoused by Servicevision / Telescoping,,,,
,,35mm,2.8,"9"" (Actual: 8"")",1.4 lbs,"3"" - 3.5""",88mm,PL,36mm clear / 43mm with falloff,35mm OK,7,"IBE 1.4X, IBE 2X",,No,N/A,,Rehoused by Servicevision / Telescoping,,,,
,,,,,,,,,,,,,,,,,,,,,
,,Focal Length,T-Stop,Close Focus,Weight (lbs),Length (in),Front Diameter (mm),Mount,Image Circle (mm),Film Compatibility,Iris Blade Count,Extender,Expander,LDS,Support Post Length (mm),Manufacture Year,Notes,,,,
Optika Elite,Primes,9.6mm,2,"10""",5.3 lbs,"7.25""",156mm,PL,,,,,,No,,,Vintage / Not currently in inventory,,,,
,,12mm,1.9,"10""",5.2 lbs,"4.25""",156mm,PL,35.5mm,,10,None,,No,N/A,,Vintage / Rectilinear,,,,
,,14mm,1.9,"10""",4.2 lbs,"5.4""",110mm,PL,,,,,,No,N/A,,Vintage / Not currently in inventory,,,,
,,16mm,1.6,"10""",4.6 lbs,"5.9""",110mm,PL,,,,,,No,N/A,,Vintage / Not currently in inventory,,,,
,,18mm,1.3,"10""",4.6 lbs,"6.3""",110mm,PL,,,,,,No,N/A,,Vintage / Not currently in inventory,,,,
,,20mm,1.3,"10""",4.6 lbs,"6.3""",110mm,PL,,,,,,No,N/A,,Vintage / Not currently in inventory,,,,
,,22mm,1.3,"10""",5.3 lbs,"7.25""",110mm,PL,,,,,,No,N/A,,Vintage / Not currently in inventory,,,,
,,24mm,1.3,"10""",5.5 lbs,"7.9""",110mm,PL,,,,,,No,N/A,,Vintage / Not currently in inventory,,,,
,,28mm,1.3,"20""",4.8 lbs,"7.1""",110mm,PL,,,,,,No,N/A,,Vintage / Not currently in inventory,,,,
,,35mm,1.3,"20""",4.4 lbs,"5.9""",110mm,PL,,,,,,No,N/A,,Vintage / Not currently in inventory,,,,
,,50mm,1.3,"2' 4""",4 lbs,"5.9""",110mm,PL,,,,,,No,N/A,,Vintage / Not currently in inventory,,,,
,,75mm,1.3,"3' 4""",4.3 lbs,"5.9""",110mm,PL,,,,,,No,N/A,,Vintage / Not currently in inventory,,,,
,,100mm,1.6,4',4.6 lbs,"5.9""",110mm,PL,,,,,,No,N/A,,Vintage / Not currently in inventory,,,,
,,135mm,1.9,5',4 lbs,"7.1""",110mm,PL,,,,,,No,,,Vintage / Not currently in inventory,,,,
,,200mm,3,"6' 7""",6.6 lbs,"8.5""",110mm,PL,,,,,,No,,,Vintage / Not currently in inventory,,,,
,,300mm,3,10',13.9 lbs,"14""",110mm,PL,,,,,,No,,,Vintage / Not currently in inventory,,,,
,,,,,,,,,,,,,,,,,,,,,
,,Focal Length,T-Stop,Close Focus,Weight (lbs),Length (in),Front Diameter (mm),Mount,Image Circle (mm),Film Compatibility,Iris Blade Count,Extender,Expander,LDS,Support Post Length (mm),Manufacture Year,Notes,,,,
RED,Pro Prime,18mm,1.8,"13""",6.3 lbs,"6.2""",110mm,PL,33mm,NO,7,IBE 2X,,No,N/A,,Not currently in inventory,,,,
,,25mm,1.8,"12""",6.1 lbs,"6.2""",110mm,PL,33mm,NO,7,"IBE 2X, Ang 2X, Optex 2X",,No,N/A,,Not currently in inventory,,,,
,,35mm,1.8,"12""",6 lbs,"6.2""",110mm,PL,35mm,NO,7,"IBE 2X, Ang 2X, Optex 2X",,No,N/A,,Not currently in inventory,,,,
,,50mm,1.8,"12""",4.5 lbs,"4.7""",110mm,PL,41mm,NO,7,"IBE 2X, Ang 2X",,No,N/A,,Not currently in inventory,,,,
,,85mm,1.8,"24""",4.2 lbs,"4.75""",110mm,PL,43mm,NO,7,"IBE 2X, Ang 2X, Optex 2X",,No,N/A,,Not currently in inventory,,,,
,,100mm,1.8,"30""",4.4 lbs,"4.75""",110mm,PL,43mm,NO,7,"IBE 2X, Ang 2X",,No,N/A,,Not currently in inventory,,,,
,,300mm,2.9,8',5.7 lbs,,117.4mm,PL,,NO,,,,,,,Not currently in inventory,,,,
,,,,,,,,,,,,,,,,,,,,,
,,Focal Length,T-Stop,Close Focus,Weight (lbs),Length (in),Front Diameter (mm),Mount,Image Circle (mm),Film Compatibility,Iris Blade Count,Extender,Expander,LDS,Support Post Length (mm),Manufacture Year,Notes,,,,
Schneider,Cine-Xenar III,18mm,2.2,"11""",4.5 lbs,"6""",104mm,PL / EF,31.5mm,,18,,,No,N/A,,,,,,
,,25mm,2.2,"11""",4.2 lbs,"6""",104mm,PL / EF,31.5mm,,18,,,No,N/A,,,,,,
,,35mm,2.1,"13""",4 lbs,"6""",104mm,PL / EF,31.5mm,,18,,,No,N/A,,,,,,
,,50mm,2,"14""",3.5 lbs,"6""",104mm,PL / EF,31.5mm,,18,,,No,N/A,,,,,,
,,75mm,2,"18""",3.7 lbs,"6""",104mm,PL / EF,31.5mm,,18,,,No,N/A,,,,,,
,,95mm,2,"26""",4 lbs,"6""",104mm,PL / EF,31.5mm,,18,,,No,N/A,,,,,,
,,,,,,,,,,,,,,,,,,,,,
,,Focal Length,T-Stop,Close Focus,Weight (lbs),Length (in),Front Diameter (mm),Mount,Image Circle (mm),Film Compatibility,Iris Blade Count,Extender,Expander,LDS,Support Post Length (mm),Manufacture Year,Notes,,,,
Sony,CineAlta Primes,20mm,2,"10""",4.8 lbs,"4.75""",114mm,PL,35mm,,9,"IBE 1.4X, IBE 2X",,No,N/A,,Not currently in inventory,,,,
,,25mm,2,"10""",4.8 lbs,"4.75""",114mm,PL,35mm,,9,"IBE 1.4X, IBE 2X",,No,N/A,,Not currently in inventory,,,,
,,35mm,2,"14""",4.2 lbs,"4.75""",114mm,PL,38mm,,9,"IBE 1.4X, IBE 2X, Ang 1.4X, Ang 2X, Optex, 2X, Century 2X",,No,N/A,,Not currently in inventory,,,,
,,50mm,2,"19""",4 lbs,"4.75""",114mm,PL,40mm,,9,"IBE 1.4X, IBE 2X, Ang 1.4X, Ang 2X, Optex, 2X, Century 2X",,No,N/A,,Not currently in inventory,,,,
,,85mm,2,"34""",4 lbs,"4.75""",114mm,PL,40mm clear / 43mm with falloff,,9,"IBE 1.4X, IBE 2X, Ang 1.4X, Ang 2X, Optex, 2X, Century 2X",,No,N/A,,Not currently in inventory,,,,
,,135mm,2,"34""",5 lbs,"5.75""",114mm,PL,41mm clear / 43mm with falloff,,9,"IBE 1.4X, IBE 2X, Ang 1.4X, Ang 2X, Optex, 2X, Century 2X",,No,N/A,,Not currently in inventory,,,,
,,,,,,,,,,,,,,,,,,,,,
,,Focal Length,T-Stop,Close Focus,Weight (lbs),Length (in),Front Diameter (mm),Mount,Image Circle (mm),Film Compatibility,Iris Blade Count,Extender,Expander,LDS,Support Post Length (mm),Manufacture Year,Notes,,,,
Technovision,Zeiss Standard Speed,12mm,2.1,"8""",3.6 lbs,"3.6""",156mm,PL,29mm,35mm OK,6,None,,No,N/A,,"Modified 16mm Standard Speed, w/ Technovision Front",,,,
,,,,,,,,,,,,,,,,,,,,,
,,,,,,,,,,,,,,,,,,,,,
,,Focal Length,T-Stop,Close Focus,Weight (lbs),Length (in),Front Diameter (mm),Mount,Image Circle (mm),Film Compatibility,Iris Blade Count,Extender,Expander,LDS,Support Post Length (mm),Manufacture Year,Notes,,,,
Vantage,Mini Hawk,35mm,1.7,"12""",4.4 lbs,"5.4""",110mm,PL,29mm clear / 30mm with falloff,,Oval iris,"IBE 1.4X, IBE 2X",1.7x Duclos (T4 or deeper),No,N/A,,"Works with Duclos Expander, but requires lens to be shot at T4 or deeper in order to reduce optical abberation.",,,,
,,40mm,1.7,"12""",4 lbs,"5.7""",110mm,PL,30mm clear / 32mm with falloff,,Oval iris,"IBE 1.4X, IBE 2X",1.7x Duclos (T4 or deeper),No,N/A,,,,,,
,,50mm,1.7,"10""",3.3 lbs,"5.1""",110mm,PL,32mm clear / 33mm with fall of ,,Oval iris,"IBE 1.4X, IBE 2X",1.7x Duclos (T4 or deeper),No,N/A,,,,,,
,,65mm,1.7,"10""",4 lbs,"4.5""",110mm,PL,35mm,,Oval iris,"IBE 1.4X, IBE 2X",1.7x Duclos (T4 or deeper),No,N/A,,,,,,
,,80mm,1.7,"1' 3""",3.3 lbs,"5.1""",110mm,PL,33mm clear /  35mm with fall of ,,Oval iris,"IBE 1.4X, IBE 2X",1.7x Duclos (T4 or deeper),No,N/A,,,,,,
,,100mm,1.7,1' ,3.5 lbs,"5.1""",110mm,PL,35mm clear / 38mm with fall of,,Oval iris,"IBE 1.4X, IBE 2X",1.7x Duclos (T4 or deeper),No,N/A,,,,,,
,,135mm,1.7,"1' 6""",3.5 lbs,"4.5""",110mm,PL,40mm,,Oval iris,"IBE 1.4X, IBE 2X",1.7x Duclos (T4 or deeper),No,N/A,,,,,,
,,180mm,1.7,2’,4.2 lbs,"5.9""",128mm,PL,40mm clear / 45mm with fall of,,Oval iris,"IBE 1.4X, IBE 2X",1.7x Duclos (T4 or deeper),No,N/A,,,,,,
,,,,,,,,,,,,,,,,,,,,,
,,Focal Length,T-Stop,Close Focus,Weight (lbs),Length (in),Front Diameter (mm),Mount,Image Circle (mm),Film Compatibility,Iris Blade Count,Extender,Expander,LDS,Support Post Length (mm),Manufacture Year,Notes,,,,
Vantage,One,17.5mm,1,1',4.4 lbs,"5.3""",110mm,PL,30mm,,12,"IBE 1.4X, IBE 2X, Ang 2X",1.7x Duclos (T4 or deeper),No,N/A,2014,"Works with Duclos Expander, but requires lens to be shot at T4 or deeper in order to reduce optical abberation.",,,,
,,21mm,1,1',4 lbs,"5""",110mm,PL,32mm,,12,"IBE 1.4X, IBE 2X, Ang 2X",1.7x Duclos (T4 or deeper),No,N/A,2014,,,,,
,,25mm,1,1,3.5 lbs,"4.3""",110mm,PL,33mm,,12,"IBE 1.4X, IBE 2X, Ang 2X",1.7x Duclos (T4 or deeper),No,N/A,2014,,,,,
,,32mm,1,1'',4 lbs,"4.5""",110mm,PL,35mm,,12,"IBE 1.4X, IBE 2X, Ang 2X",1.7x Duclos (T4 or deeper),No,N/A,2014,,,,,
,,40mm,1,"1' 3""",3.3 lbs,"4.3""",110mm,PL,35mm,,14,"IBE 1.4X, IBE 2X",1.7x Duclos (T4 or deeper),No,N/A,2014,,,,,
,,50mm,1,1',3.1 lbs,"4.3""",110mm,PL,38mm,,14,"IBE 1.4X, IBE 2X, Ang 2X",1.7x Duclos (T4 or deeper),No,N/A,2014,,,,,
,,65mm,1,"1' 6""",3.5 lbs,"4.3""",110mm,PL,41mm,,16,"IBE 1.4X, IBE 2X, Ang 2X",1.7x Duclos (T4 or deeper),No,N/A,2014,,,,,
,,90mm,1,2',4.3 lbs,"4.5""",128mm,PL,43mm,,12,"IBE 1.4X, IBE 2X",1.7x Duclos (T4 or deeper),No,N/A,2014,,,,,
,,120mm,1,"2' 9""",8 lbs,"7.2""",156mm,PL,43mm,,18,"IBE 1.4X, IBE 2X, Ang 2X",1.7x Duclos (T4 or deeper),No,Attached to lens,2014,,,,,
,,,,,,,,,,,,,,,,,,,,,
,,Focal Length,T-Stop,Close Focus,Weight (lbs),Length (in),Front Diameter (mm),Mount,Image Circle (mm),Film Compatibility,Iris Blade Count,Extender,Expander,LDS,Support Post Length (mm),Manufacture Year,Notes,,,,
White Point Optics,Neo Super Baltar,20mm,2.3,,3.99 lbs,,110mm,PL / LPL,32mm,,16,,,No,N/A,,Not currently in inventory,,,,
,,25mm,2.3,,5.28 lbs,,110mm,PL / LPL,33mm,,16,,,No,N/A,,Not currently in inventory,,,,
,,"35mm ""C""",2.3,,3.56 lbs,,110mm,PL / LPL,35mm,,16,,,No,N/A,,"Not currently in inventory - ""C"" is for Compact",,,,
,,"35mm ""LWD""",2.3,,3.68 lbs,,110mm,PL / LPL,39mm,,16,,,No,N/A,,"Not currently in inventory - ""LWD"" is for Long Working Distance",,,,
,,50mm,2.3,,3.52 lbs,,110mm,PL / LPL,38mm,,16,,,No,N/A,,Not currently in inventory,,,,
,,75mm,2.3,,3.68 lbs,,110mm,PL / LPL,41mm,,16,,,No,N/A,,Not currently in inventory,,,,
,,100mm,2.3,,5.06 lbs,,110mm,PL / LPL,42mm,,16,,,No,N/A,,Not currently in inventory,,,,
,,152mm,3,,5.49 lbs,,110mm,PL / LPL,42mm,,16,,,No,N/A,,Not currently in inventory,,,,
,,229mm,4.4,,5.62 lbs,,110mm,PL / LPL,42mm,,16,,,No,N/A,,Not currently in inventory,,,,
,,,,,,,,,,,,,,,,,,,,,
,,Focal Length,T-Stop,Close Focus,Weight (lbs),Length (in),Front Diameter (mm),Mount,Image Circle (mm),Film Compatibility,Iris Blade Count,Extender,Expander,LDS,Support Post Length (mm),Manufacture Year,Notes,,,,
Zeiss,Compact Prime (CP2),15mm,2.9,"12""",2 lbs,"3.4""",114mm,PL / EF (E / F / MFT),,,14,,,No,,,Not currently in inventory,,,,
,,18mm,3.6,"12""",1.6 lbs,"3.15""",114mm,PL / EF / E / F / MFT,31mm clear / 38mm with falloff,,14,"IBE 1.4X, IBE 2X, Ang 1.4X, Ang 2X, Optex 2X, Century 2X",,No,N/A,,,,,,
,,21mm,2.9,"10""",1.8 lbs,"3.15""",114mm,PL / EF / E / F / MFT,34mm clear / 43mm with falloff,,14,"IBE 1.4X, IBE 2X, Ang 1.4X, Ang 2X, Optex 2X, Century 2X",,No,N/A,,,,,,
,,25mm,2.9,"7""",1.6 lbs,"3.15""",114mm,PL / EF / E / F / MFT,32mm clear / 43mm with falloff,,14,"IBE 1.4X, IBE 2X, Ang 1.4X, Ang 2X, Optex 2X",,No,N/A,,,,,,
,,28mm,2.1,"10""",1.8 lbs,"3.15""",114mm,PL / EF / E / F / MFT,36mm clear / 43mm with falloff,,14,"IBE 1.4X, IBE 2X, Ang 1.4X, Ang 2X, Optex 2X, Century 2X",,No,N/A,,,,,,
,,35mm,2.1,"12""",2.2 lbs,"3.15""",114mm,PL / EF / E / F / MFT,37mm clear / 43mm with falloff,,14,"IBE 1.4X, IBE 2X, Ang 1.4X, Ang 2X, Optex 2X",,No,N/A,,,,,,
,,50mm,2.1,"18""",1.6 lbs,"3.15""",114mm,PL / EF / E / F / MFT,38mm clear / 43mm with falloff,,14,"IBE 1.4X, IBE 2X, Ang 1.4X, Ang 2X, Optex 2X, Century 2X",,No,N/A,,,,,,
,,50mm Macro,2.1,"10""",3 lbs,"5.2""",134mm,PL / EF / E / F / MFT,43mm,,14,,,No,,,,,,,
,,85mm,2.1,"3' 3""",1.8 lbs,"3.15""",114mm,PL / EF / E / F / MFT,39mm clear / 43mm with falloff,,14,"IBE 1.4X, IBE 2X, Ang 1.4X, Ang 2X, Optex 2X, Century 2X",,No,N/A,,,,,,
,,100mm,2.1,"2' 6""",2.8 lbs,"5.2""",114mm,PL / EF / E / F / MFT,41mm clear / 43mm with falloff,,14,"IBE 1.4X, IBE 2X, Ang 1.4X, Ang 2X, Optex 2X, Century 2X",,No,N/A,,,,,,
,,135mm,2.1,"3' 3""",3.5 lbs,"5.86""",114mm,PL / EF / E / F / MFT,43mm,,14,,,No,,,Not currently in inventory,,,,
,,,,,,,,,,,,,,,,,,,,,
,,Focal Length,T-Stop,Close Focus,Weight (lbs),Length (in),Front Diameter (mm),Mount,Image Circle (mm),Film Compatibility,Iris Blade Count,Extender,Expander,LDS,Support Post Length (mm),Manufacture Year,Notes,,,,
Zeiss,Compact Prime (CP3 & CP3 XD),15mm,2.9,"12""",1.9 lbs,"3.3""",95mm,PL / EF,43.4mm,,14,,N/A,XD - Yes,N/A,2017,Not currently in inventory,,,,
,,18mm,2.9,"12""",1.9 lbs,"3.3""",95mm,PL / EF,43.4mm,,14,,N/A,XD - Yes,N/A,2017,Keslow's CP3's are XD models (eXtended Data),,,,
,,21mm,2.9,"10""",1.8 lbs,"3.3""",95mm,PL / EF,43.4mm,,14,,N/A,XD - Yes,N/A,2017,Keslow's CP3's are XD models (eXtended Data),,,,
,,25mm,2.1,"10""",1.8 lbs,"3.3""",95mm,PL / EF,43.4mm,,14,,N/A,XD - Yes,N/A,2017,Not currently in inventory,,,,
,,28mm,2.1,"10""",1.9 lbs,"3.3""",95mm,PL / EF,43.4mm,,14,,N/A,XD - Yes,N/A,2017,Not currently in inventory,,,,
,,35mm,2.1,"12""",1.8 lbs,"3.3""",95mm,PL / EF,43.4mm,,14,,N/A,XD - Yes,N/A,2017,Not currently in inventory,,,,
,,50mm,2.1,"18""",1.7 lbs,"3.3""",95mm,PL / EF,43.4mm,,14,,N/A,XD - Yes,N/A,2017,Not currently in inventory,,,,
,,85mm,2.1,"3' 3""",1.9 lbs,"3.3""",95mm,PL / EF,43.4mm,,14,,N/A,XD - Yes,N/A,2017,Not currently in inventory,,,,
,,100mm,2.1,"2' 6""",2.2 lbs,"4.98""",95mm,PL / EF,43.4mm,,14,,N/A,XD - Yes,N/A,2017,Not currently in inventory,,,,
,,135mm,2.1,"3' 3""",2.5 lbs,"4.98""",95mm,PL / EF,43.4mm,,14,,N/A,XD - Yes,N/A,2017,Not currently in inventory,,,,
,,,,,,,,,,,,,,,,,,,,,
,,Focal Length,T-Stop,Close Focus,Weight (lbs),Length (in),Front Diameter (mm),Mount,Image Circle (mm),Film Compatibility,Iris Blade Count,Extender,Expander,LDS,Support Post Length (mm),Manufacture Year,Notes,,,,
Zeiss,Standard Speed,10mm,2.1,"14""",6.6 lbs,"5.6"" - 5.7""",156mm,PL,31mm,35mm OK,6,None,,No,N/A,,"Mark II / Rectilinear, Regular & Uncoated",,,,
,,12mm,2.1,"10""",2.5 lbs,"3.4"" - 3.5""",135mm,PL,26mm clear / 30mm with falloff,35mm OK,6,None,No,No,N/A,,"Mark II / Rectilinear / Telescoping, Regular & Uncoated",,,,
,,14mm,2.1,"9""",3.2 lbs,"4.4"" - 4.45""",114mm,PL,30mm clear / 32mm with falloff,35mm OK,7,None,No,No,N/A,,"Mark II / Telescoping, Regular & Uncoated",,,,
,,16mm,2.1,"10"" (CF modified)",1.2 lbs,"2.12"" - 2.2""",80mm,PL,24mm clear / 30mm with falloff,35mm OK,6,None,No,No,N/A,,"Mark II / Telescoping, Regular & Uncoated",,,,
,,24mm,2.1,"14"" (CF modified)",1 lb,"2.12"" - 2.25""",80mm,PL,26mm clear / 31mm with falloff,35mm OK,6,None,No,No,N/A,,"Mark II / Telescoping, Regular & Uncoated",,,,
,,28mm,2.1,"11""",2.25 lbs,"3.1"" - 3.25""",80mm,PL,35mm clear / 39mm with falloff,35mm OK,7,"IBE 1.4X, IBE 2X",No,No,N/A,,"Mark II / Telescoping, Regular & Uncoated",,,,
,,32mm,2.1,2' (CF modified),1 lb,"2.12"" - 2.25""",80mm,PL,24mm clear / 30mm with falloff,35mm OK,5,None,No,No,N/A,,"Mark II / Telescoping, Regular & Uncoated",,,,
,,50mm,2.1,"1' 6""",1 lb,"2.2"" - 2.5""",80mm,PL,39mm clear / 43mm with falloff,35mm OK,6,"IBE 1.4X, IBE 2X",,No,N/A,,"Mark II / Telescoping, Regular & Uncoated",,,,
,,85mm,2.1,3',1.5 lbs,"2.12"" - 2.5""",80mm,PL,39mm clear / 43mm with falloff,35mm OK,7,"IBE 1.4X, IBE 2X",,No,N/A,,"Mark II / Telescoping, Regular & Uncoated",,,,
,,100mm,2.1,"3' 4""",1.6 lbs,"3"" - 3.5""",80mm,PL,40mm clear / 43mm with falloff,35mm OK,6,"IBE 1.4X, IBE 2X, Ang 2X",,No,N/A,,"Mark II / Telescoping, Regular & Uncoated",,,,
,,135mm,2.1,5',2.25 lbs,"3.7"" - 4.2""",80mm,PL,40mm clear / 43mm with falloff,35mm OK,9,"IBE 1.4X, IBE 2X",,No,N/A,,"Mark II / Telescoping, Regular & Uncoated",,,,
,,180mm,3,5',3 lbs,"4.8"" - 5.6""",80mm,PL,40mm clear / 43mm with falloff,35mm OK,9,"IBE 1.4X, IBE 2X",,No,N/A,,"Mark II / Telescoping, Regular & Uncoated",,,,
,,,,,,,,,,,,,,,,,,,,,
,,Focal Length,T-Stop,Close Focus,Weight (lbs),Length (in),Front Diameter (mm),Mount,Image Circle (mm),Film Compatibility,Iris Blade Count,Extender,Expander,LDS,Support Post Length (mm),Manufacture Year,Notes,,,,
Zeiss,Standard Speed,16mm,2.1,"10""",1.25 lbs,"2.12"" - 2.2""",80mm,PL,25mm clear / 30mm with falloff,35mm OK,6,None,No,No,N/A,,Mark I / Telescoping,,,,
,,20mm,2.1,"8""",1.3 lbs,"2.12"" - 2.5""",80mm,PL,28mm clear / 32mm with falloff,35mm OK,6 (triangle),None,No,No,N/A,,Mark I / Telescoping,,,,
,,24mm,2.1,"1' 2""",1.25 lbs,"2.2"" - 2.25""",80mm,PL,28mm clear / 31mm with falloff,35mm OK,6,None,No,No,N/A,,Mark I / Telescoping,,,,
,,32mm,2.1,2',0.8 lbs,"2.12"" - 2.4""",80mm,PL,25mm clear / 31mm with falloff,35mm OK,5,None,No,No,N/A,,Mark I / Telescoping,,,,
,,40mm,2.1,"16""",1 lb,"2.12"" - 2.3""",80mm,PL,32mm clear / 39mm with falloff,35mm OK,6,None,No,No,N/A,,Mark I / Telescoping,,,,
,,50mm,2.1,"1' 6""",1 lb,"2.2"" - 2.5""",80mm,PL,39mm clear / 43mm with falloff,35mm OK,6,"IBE 1.4X, IBE 2X",,No,N/A,,Mark I / Telescoping,,,,
,,60mm Macro,3 (4 1/3 at CF),"11""",1.75 lbs,"3.5"" - 4.75""",80mm,PL,38mm clear / 43mm with falloff,35mm OK,6,"IBE 1.4X, IBE 2X",,No,N/A,,Mark I / Telescoping,,,,
,,85mm,2.1,3',1.5 lbs,"2.12"" - 2.5""",80mm,PL,40mm clear / 43mm with falloff,35mm OK,7,"IBE 1.4X, IBE 2X",,No,N/A,,Mark I / Telescoping,,,,
,,100mm,2.1,"40""",1.75 lbs,"3"" - 3.5""",80mm,PL,41mm clear / 43mm with falloff,35mm OK,6,"IBE 1.4X, IBE 2X",,No,N/A,,Mark I / Telescoping,,,,
,,135mm,2.1,5',2.25 lbs,"3.6"" - 4.2""",80mm,PL,41mm clear / 43mm with falloff,35mm OK,9,"IBE 1.4X, IBE 2X",,No,N/A,,Mark I / Telescoping,,,,
,,,,,,,,,,,,,,,,,,,,,
,,Focal Length,T-Stop,Close Focus,Weight (lbs),Length (in),Front Diameter (mm),Mount,Image Circle (mm),Film Compatibility,Iris Blade Count,Extender,Expander,LDS,Support Post Length (mm),Manufacture Year,Notes,,,,
Zeiss,Super Speed,18mm,1.3,"11""",3.25 lbs,"3.75""",95mm,PL,32.5mm,35mm OK,7,None,No,No,N/A,,"TLS Rehoused, Only stock uncoated versions, MK III Uncoated",,,,
,,25mm,1.3,"10""",2.24 lbs,"3""",95mm,PL,36.5mm,35mm OK,7,None,No,No,N/A,,"TLS Rehoused, Only stock uncoated versions, MK III Uncoated",,,,
,,35mm,1.3,"14""",2.35 lbs,"3 7/8th""",95mm,PL,37mm,35mm OK,7,None,No,No,N/A,,"TLS Rehoused, Only stock uncoated versions, MK III Uncoated",,,,
,,50mm,1.3,"21""",2.27 lbs,"3""",95mm,PL,41mm,35mm OK,7,None,No,No,N/A,,"TLS Rehoused, Only stock uncoated versions, MK III Uncoated",,,,
,,65mm,1.3,"2' 3""",2.52 lbs,"3 7/8th""",95mm,PL,42mm,35mm OK,7,"IBE 1.4X, IBE 2X",,No,N/A,,"TLS Rehoused, Only stock uncoated versions, MK III Uncoated",,,,
,,85mm,1.3,3',2.91 lbs,"3.25""",95mm,PL,43mm,35mm OK,7,"IBE 1.4X, IBE 2X, Ang 1.4X, Ang 2X",,No,N/A,,"TLS Rehoused, Only stock uncoated versions, MK III Uncoated",,,,
,,,,,,,,,,,,,,,,,,,,,
,,Focal Length,T-Stop,Close Focus,Weight (lbs),Length (in),Front Diameter (mm),Mount,Image Circle (mm),Film Compatibility,Iris Blade Count,Extender,Expander,LDS,Support Post Length (mm),Manufacture Year,Notes,,,,
Zeiss,Super Speed,18mm,1.3,"10""",2.8 lbs,"3.6"" - 3.7""",80mm,PL,32.5mm,35mm OK,7,None,No,No,N/A,,"Mark II/III / Telescoping, Regular & Uncoated",,,,
,,25mm,1.3,"10""",2 lbs,"2.4"" - 2.75""",80mm,PL,36.5mm,35mm OK,7,None,No,No,N/A,,"Mark II/III / Telescoping, Regular & Uncoated",,,,
,,35mm,1.3,"1' 3""",1.8 lbs,"2.4"" - 2.8""",80mm,PL,37mm,35mm OK,7,None,No,No,N/A,,"Mark II/III / Telescoping, Regular & Uncoated",,,,
,,50mm,1.3,"2' 6""",1.8 lbs,"2.4"" - 2.9""",80mm,PL,41mm,35mm OK,7,None,No,No,N/A,,"Mark II/III / Telescoping, Regular & Uncoated",,,,
,,65mm,1.3,"2' 6""",2.2 lbs,"2.12"" - 3.12""",80mm,PL,42mm,35mm OK,7,"IBE 1.4X, IBE 2X",,No,N/A,,"Mark II/III / Telescoping, Regular & Uncoated",,,,
,,85mm,1.3,3',2.2 lbs,"2.8"" - 3.5""",80mm,PL,43mm,35mm OK,7,"IBE 1.4X, IBE 2X, Ang 1.4X, Ang 2X",,No,N/A,,"Mark II/III / Telescoping, Regular & Uncoated",,,,
,,,,,,,,,,,,,,,,,,,,,
,,Focal Length,T-Stop,Close Focus,Weight (lbs),Length (in),Front Diameter (mm),Mount,Image Circle (mm),Film Compatibility,Iris Blade Count,Extender,Expander,LDS,Support Post Length (mm),Manufacture Year,Notes,,,,
Zeiss,Super Speed,18mm,1.4,"10""",2.2 lbs,"3.6""",80mm,PL / B,34mm,35mm OK,9 (triangle),None,,No,N/A,,Mark I,,,,
,,25mm,1.4,"10""",1.4 lbs,"2.4"" - 2.6""",73mm,PL / B,36mm clear / 38mm with falloff,35mm OK,9 (triangle),None,,No,N/A,,Mark I / Telescoping,,,,
,,32mm,2.2,2',0.6 lbs,"0.9"" - 1""",51mm,PL / B,25mm clear / 32mm with falloff,35mm OK,8,None,,No,N/A,,Mark I / Rotating front / Telescoping,,,,
,,35mm,1.4,"15""",1.2 lbs,"2.4"" - 2.7""",73mm,PL / B,37mm clear / 39mm with falloff,35mm OK,9 (triangle),IBE 1.4X,,No,N/A,,Mark I / Telescoping,,,,
,,50mm,1.4,"2' 6""",1 lb,"2"" - 2.2""",73mm,PL / B,37mm clear / 40mm with falloff,35mm OK,9 (triangle),IBE 1.4X,,No,N/A,,Mark I / Telescoping,,,,
,,85mm,1.4,"3' 6""",1.4 lbs,"2.25"" - 2.6""",73mm,PL / B,41mm clear / 43mm with falloff,35mm OK,9 (triangle),"IBE 1.4X, IBE 2X",,No,N/A,,Mark I / Telescoping,,,,