,,Focal Length,T-Stop,Close Focus,Weight (lbs),Length (in),Front Diameter (mm),Mount,Image Circle (mm),Film Compatibility,Iris Blade Count,Extender,LDS,Support Post Length (mm),Manufacture Year,Notes,,
Ancient Optics,FUJI EBC Primes,19mm,3.8,"8""",1.76 lbs,,110mm,PL,FF,,,,No,N/A,,,,
,,24mm,2.9,"8""",1.98 lbs,,110mm,PL,FF,,,,No,N/A,,,,
,,28mm,2.1,"12""",2.20 lbs,,110mm,PL,FF,,,,No,N/A,,,,
,,35mm,2.1,"12""",1.98 lbs,,110mm,PL,FF,,,,No,N/A,,,,
,,50mm,1.4,"16""",2.20 lbs,,110mm,PL,FF,,,,No,N/A,,,,
,,70mm,2.2,"18""",2.64 lbs,,110mm,PL,FF,,,,No,N/A,,,,
,,100m,2.9,"2' 2""",3.30 lbs,,110mm,PL,FF,,,,No,N/A,,,,
,,135mm,2.7,"3' 6""",3.74 lbs,,110mm,PL,FF,,,,No,N/A,,,,
,,,,,,,,,,,,,,,,,,
Ancient Optics,Petzvalux Primes,Focal Length,T-Stop,Close Focus,Weight (lbs),Length (in),Front Diameter (mm),Mount,Image Circle (mm),Film Compatibility,Iris Blade Count,Extender,LDS,Support Post Length (mm),Manufacture Year,Notes,,
,,27mm,1.9,"12""",5.62 lbs,"5.75""",136mm,LPL,FF,NO,,,No,N/A,,Features a tuning ring to adjust astigmatism and increase or decrease petzval effect.,,
,,38mm,1.7,"14""",4.52 lbs,"4""",114mm,LPL,FF,NO,,,No,N/A,,Features a tuning ring to adjust astigmatism and increase or decrease petzval effect.,,
,,44mm,1.7,"1' 5""",3.87 lbs,"4""",114mm,LPL,FF,NO,,,No,N/A,,Not currently in inventory,,
,,55mm,1.7,2',3.64 lbs,"4""",114mm,LPL,FF,NO,,,No,N/A,,Features a tuning ring to adjust astigmatism and increase or decrease petzval effect.,,
,,66mm,1.9,"2' 3""",4.46 lbs,"4.5""",114mm,LPL,FF,NO,,,No,N/A,,Not currently in inventory,,
,,80mm,1.9,"2' 9""",4.08 lbs,"4""",114mm,LPL,FF,NO,,,No,N/A,,Features a tuning ring to adjust astigmatism and increase or decrease petzval effect.,,
,,120mm,1.9,3',5.73 lbs,"6""",114mm,LPL,FF,NO,,,No,N/A,,Features a tuning ring to adjust astigmatism and increase or decrease petzval effect.,,
,,,,,,,,,,,,,,,,,,
,,Focal Length,T-Stop,Close Focus,Weight (lbs),Length (in),Front Diameter (mm),Mount,Image Circle (mm),Film Compatibility,Iris Blade Count,Extender,LDS,Support Post Length (mm),Manufacture Year,Notes,,
Ancient Optics,TAMASHII Primes,22mm,2.2,"8""",1.46 lbs,,95mm,PL,FF,35mm OK,,,No,N/A,,Not currently in inventory / Custom vintage inspired lenses from Ancient Optics,,
,,26mm,2.2,1',1.43 lbs,,95mm,PL,FF,35mm OK,,,No,N/A,,Not currently in inventory / Custom vintage inspired lenses from Ancient Optics,,
,,29mm,2.2,1',1.71 lbs,,95mm,PL,FF,35mm OK,,,No,N/A,,Not currently in inventory / Custom vintage inspired lenses from Ancient Optics,,
,,36mm,2.3,"10""",1.49 lbs,,95mm,PL,FF,35mm OK,,,No,N/A,,Not currently in inventory / Custom vintage inspired lenses from Ancient Optics,,
,,42mm,2,"1' 3""",1.29 lbs,,95mm,PL,FF,35mm OK,,,No,N/A,,Not currently in inventory / Custom vintage inspired lenses from Ancient Optics,,
,,52mm,1.9,"1' 4""",1.40 lbs,,95mm,PL,FF,35mm OK,,,No,N/A,,Not currently in inventory / Custom vintage inspired lenses from Ancient Optics,,
,,58mm,1.5,"1' 7""",1.51 lbs,,95mm,PL,FF,35mm OK,,,No,N/A,,Not currently in inventory / Custom vintage inspired lenses from Ancient Optics,,
,,88mm,2,"1' 10""",2.32 lbs,,95mm,PL,FF,35mm OK,,,No,N/A,,Not currently in inventory / Custom vintage inspired lenses from Ancient Optics,,
,,110mm,2.1,"2' 6""",2.49 lbs,,95mm,PL,FF,35mm OK,,,No,N/A,,Not currently in inventory / Custom vintage inspired lenses from Ancient Optics,,
,,,,,,,,,,,,,,,,,,
,,Focal Length,T-Stop,Close Focus,Weight (lbs),Length (in),Front Diameter (mm),Mount,Image Circle (mm),Film Compatibility,Iris Blade Count,Extender,LDS,Support Post Length (mm),Manufacture Year,Notes,,
Angenieux,Optimo Prime,18mm,2,"1' 2""",4.18 lbs,"6.30""",95mm,PL,46.31mm,NO,9,None,Yes,N/A,2020,Lens becomes T2.8 with Oval Iris,,
,,21mm,1.8,"1' 2""",3.96 lbs,"5.51""",95mm,PL,46.31mm,NO,9,None,Yes,N/A,2020,Lens becomes T2.6 with Oval Iris,,
,,24mm,1.8,"1' 2""",3.75 lbs,"5.04""",95mm,PL,46.31mm,NO,9,None,Yes,N/A,2020,Lens becomes T2.6 with Oval Iris,,
,,28mm,1.8,"1' 2""",3.75 lbs,"5.04""",95mm,PL,46.31mm,NO,9,None,Yes,N/A,2020,Lens becomes T2.6 with Oval Iris,,
,,32mm,1.8,"1' 2""",3.75 lbs,"5.04""",95mm,PL,46.31mm,NO,9,None,Yes,N/A,2020,Lens becomes T2.6 with Oval Iris,,
,,40mm,1.8,"1' 2""",3.75 lbs,"5.04""",95mm,PL,46.31mm,NO,9,None,Yes,N/A,2020,Lens becomes T2.6 with Oval Iris,,
,,50mm,1.8,"1' 4""",3.75 lbs,"5.04""",95mm,PL,46.31mm,NO,9,None,Yes,N/A,2020,Lens becomes T2.6 with Oval Iris,,
,,60mm,1.8,"1' 8""",3.75 lbs,"5.04""",95mm,PL,46.31mm,NO,9,None,Yes,N/A,2020,Lens becomes T2.6 with Oval Iris,,
,,75mm,1.8,2',3.75 lbs,"5.04""",95mm,PL,46.31mm,NO,9,None,Yes,N/A,2020,Lens becomes T2.6 with Oval Iris,,
,,100mm,1.8,"2' 4""",3.96 lbs,"5.04""",95mm,PL,46.31mm,NO,9,None,Yes,N/A,2020,Lens becomes T2.6 with Oval Iris,,
,,135mm,1.8,"3' 3""",4.4 lbs,"5.51""",95mm,PL,46.31mm,NO,9,None,Yes,N/A,2020,Lens becomes T2.6 with Oval Iris,,
,,200mm,2.2,4',5.07 lbs,"7.48""",114mm,PL,46.31mm,NO,9,None,Yes,N/A,2020,Lens becomes T3.2 with Oval Iris,,
,,,,,,,,,,,,,,,,,,
,,Focal Length,T-Stop,Close Focus,Weight (lbs),Length (in),Front Diameter (mm),Mount,Image Circle (mm),Film Compatibility,Iris Blade Count,Extender,LDS,Support Post Length (mm),Manufacture Year,Notes,,
ARRI,Ensō,10.5mm,2.8,,,,,LPL,,NO,,,Yes,N/A,2024,Not currently in inventory,,
,,14mm,2.5,,,,,LPL,,NO,,,Yes,N/A,2024,Not currently in inventory,,
,,18mm,2.1,,,,,LPL,,NO,,,Yes,N/A,2024,Not currently in inventory,,
,,21mm,2.1,,,,,LPL,,NO,,,Yes,N/A,2024,Not currently in inventory,,
,,24mm,2.1,,,,,LPL,,NO,,,Yes,N/A,2024,Not currently in inventory,,
,,28mm,2.1,,,,,LPL,,NO,,,Yes,N/A,2024,Not currently in inventory,,
,,32mm,2.1,,,,,LPL,,NO,,,Yes,N/A,2024,Not currently in inventory,,
,,40mm,2.1,,,,,LPL,,NO,,,Yes,N/A,2024,Not currently in inventory,,
,,47mm,2.1,,,,,LPL,,NO,,,Yes,N/A,2024,Not currently in inventory,,
,,58mm,2.1,,,,,LPL,,NO,,,Yes,N/A,2024,Not currently in inventory,,
,,75mm,2.1,,,,,LPL,,NO,,,Yes,N/A,2024,Not currently in inventory,,
,,105mm,2.1,,,,,LPL,,NO,,,Yes,N/A,2024,Not currently in inventory,,
,,150mm,2.1,,,,,LPL,,NO,,,Yes,N/A,2024,Not currently in inventory,,
,,250mm,2.1,,,,,LPL,,NO,,Ensō 1.4x and 2x Extenders Only,Yes,TBD,2024,Not currently in inventory,,
,,,,,,,,,,,,,,,,,,
,,Focal Length,T-Stop,Close Focus,Weight (lbs),Length (in),Front Diameter (mm),Mount,Image Circle (mm),Film Compatibility,Iris Blade Count,Extender,LDS,Support Post Length (mm),Manufacture Year,Notes,,
ARRI,Signature Prime,12mm,1.8,"14""",6.2 lbs,"9.41""",134mm,LPL,46mm,NO,11,None,Yes,N/A,2019,"12mm renders image upside down, image flip must be performed.",,
,,15mm,1.8,"14""",6.1 lbs,"7.75""",156mm,LPL,46mm,NO,11,None,Yes,N/A,2019,,,
,,18mm,1.8,"14""",4.4 lbs,"7.01""",114mm,LPL,46mm,NO,11,None,Yes,N/A,2019,,,
,,21mm,1.8,"14""",4.2 lbs,"7.01""",114mm,LPL,46mm,NO,11,None,Yes,N/A,2019,,,
,,25mm,1.8,"14""",4.2 lbs,"7.01""",114mm,LPL,46mm,NO,11,None,Yes,N/A,2019,,,
,,29mm,1.8,"14""",4.0 lbs,"7.01""",114mm,LPL,46mm,NO,11,None,Yes,N/A,2019,,,
,,35mm,1.8,"14""",3.7 lbs,"7.01""",114mm,LPL,46mm,NO,11,None,Yes,N/A,2019,,,
,,40mm,1.8,"14""",4.0 lbs,"7.01""",114mm,LPL,46mm,NO,11,None,Yes,N/A,2019,,,
,,47mm,1.8,"18""",4.0 lbs,"7.01""",114mm,LPL,46mm,NO,11,None,Yes,N/A,2019,,,
,,58mm,1.8,"18""",4.4 lbs,"7.01""",114mm,LPL,46mm,NO,11,None,Yes,N/A,2019,,,
,,75mm,1.8,"26""",4.2 lbs,"7.01""",114mm,LPL,46mm,NO,11,None,Yes,N/A,2019,,,
,,95mm,1.8,"2' 9""",4.2 lbs,"7.01""",114mm,LPL,46mm,NO,11,None,Yes,N/A,2019,,,
,,125mm,1.8,"3' 4""",5.1 lbs,"7.01""",114mm,LPL,46mm,NO,11,None,Yes,N/A,2019,,,
,,150mm,1.8,5',7.3 lbs,"8.19""",114mm,LPL,46mm,NO,11,None,Yes,N/A,2019,150mm has a foot height of 18mm,,
,,200mm,2.5,6',6.13 lbs,"8.58""",114mm,LPL,46mm,NO,11,None,Yes,N/A,2019,,,
,,280mm,2.8,"8' 3""",9.48 lbs,"10.93""",134mm,LPL,46mm,NO,11,ARRI 1.7x Signature Extender,Yes,N/A,2019,,,
,,,,,,,,,,,,,,,,,,
,,Focal Length,T-Stop,Close Focus,Weight (lbs),Length (in),Front Diameter (mm),Mount,Image Circle (mm),Film Compatibility,Iris Blade Count,Extender,LDS,Support Post Length (mm),Manufacture Year,Notes,,
Canon,Cinema Prime (CN-E),14mm,3.1,"8""",2.65 lbs,"3.7""",114mm,EF / PL,43mm,,11,,Yes,N/A,,Not currently in inventory,,
,,24mm,1.5,"12""",2.65 lbs,"4""",114mm,EF / PL,43mm,,11,,Yes,N/A,,Not currently in inventory,,
,,35mm,1.5,"12""",2.43 lbs,"4""",114mm,EF / PL,43mm,,11,,Yes,N/A,,Not currently in inventory,,
,,50mm,1.3,"18""",2.43 lbs,"4""",114mm,EF / PL,43mm,,11,,Yes,N/A,,Not currently in inventory,,
,,85mm,1.3,"3' 2""",2.87 lbs,"4""",114mm,EF / PL,43mm,,11,,Yes,N/A,,Not currently in inventory,,
,,135mm,2.2,"3' 3""",3.1 lbs,"4.5""",114mm,EF / PL,43mm,,11,,Yes,N/A,,Not currently in inventory,,
,,,,,,,,,,,,,,,,,,
,,Focal Length,T-Stop,Close Focus,Weight (lbs),Length (in),Front Diameter (mm),Mount,Image Circle (mm),Film Compatibility,Iris Blade Count,Extender,LDS,Support Post Length (mm),Manufacture Year,Notes,,
Canon,FD Rehoused (GL Optics),14mm,2.9,8”,2.6 lbs,3.5”,95mm,Pl,43mm,,8,"IBE 1.4X, IBE 2X",,No,,,,
,,20mm,2.9,"10""",1.4 lbs,3”,95mm,PL,43mm,,8,"IBE 1.4X, IBE 2X, ",,No,,,,
,,24mm,1.5,1',2.42 lbs,3”,95mm,PL,43mm,,8,"IBE 1.4X, IBE 2X, ",,No,,,,
,,28mm,2.1,10”,1.8 lbs,3”,95mm,PL,43mm,,8,"IBE 1.4X, IBE 2X, ",,No,,,,
,,35mm,2.1,1’,2 lbs,3”,95mm,PL,43mm,,8,"IBE 1.4X, IBE 2X, ",,No,,,,
,,55mm,1.3,1’8”,2.6 lbs,3.5”,95mm,PL,46mm,,8,"IBE 1.4X, IBE 2X, ",,No,,,,
,,85mm,1.3,3’,3.8 lbs,4”,95mm,PL,56mm,,8,"IBE 1.4X, IBE 2X, ",,No,,,,
,,135mm,2.1,4’,4.4 lbs,5”,95mm,PL,56mm,,8,"IBE 1.4X, IBE 2X, ",,No,,,,
,,,,,,,,,,,,,,,,,,
,,Focal Length,T-Stop,Close Focus,Weight (lbs),Length (in),Front Diameter (mm),Mount,Image Circle (mm),Film Compatibility,Iris Blade Count,Extender,LDS,Support Post Length (mm),Manufacture Year,Notes,,
Canon,FD Rehoused (TLS),14mm,2.8,"8""",2.6 lbs,3.8,110mm,PL,43mm,,8,"IBE 1.4X, IBE 2X",No,N/A,,,,
,,28mm,2,"12""",1.8 lbs,3,110mm,PL,43mm,,8,"IBE 1.4X, IBE 2X, ",No,N/A,,,,
,,55mm,1.3,"22""",2.6 lbs,2.3,110mm,PL,46mm,,8,"IBE 1.4X, IBE 2X, ",No,N/A,,,,
,,100mm,2,"2' 2""",3.5 lbs,3,110mm,PL,56mm,,8,"IBE 1.4X, IBE 2X, ",No,N/A,,,,
,,135mm,2.1,"3' 8""",4.4 lbs,3.1,110mm,PL,56mm,,8,"IBE 1.4X, IBE 2X, ",No,N/A,,,,
,,200mm,2.9,"7' 6""",4.2 lbs,3.9,110mm,PL,56mm,,8,"IBE 1.4X, IBE 2X, ",No,N/A,,,,
,,,,,,,,,,,,,,,,,,
,,Focal Length,T-Stop,Close Focus,Weight (lbs),Length (in),Front Diameter (mm),Mount,Image Circle (mm),Film Compatibility,Iris Blade Count,Extender,LDS,Support Post Length (mm),Manufacture Year,Notes,,
Canon,FD Rehoused (TLS) Mixed Set,18mm FD-X,1.6,"11""",4.75 lbs,"2.75""",143mm,PL,FF,,,,No,N/A,,24mm FD with Angenieux 0.75x wide angle adapter built in.,,
,,20mm SSC,2.9,"10""",2.42 lbs,"2.75""",110mm,PL,FF,,,,No,N/A,,"This is a mixed set from the consigner. They will somewhat match all other Canon FD's, but there are some differences depending on the model.",,
,,24mm SSC,1.5,"12""",2.86 lbs,"3.12""",110mm,PL,FF,,,,No,N/A,,,,
,,28mm SSC,2.1,"12""",2.64 lbs,"3.12""",110mm,PL,FF,,,,No,N/A,,,,
,,35mm SSC,2.1,"12""",2.86 lbs,"3.5""",110mm,PL,FF,,,,No,N/A,,,,
,,55mm SSC,1.3,2',2.5 lbs,"2.85""",110mm,PL,FF,,,,No,N/A,,,,
,,85mm SSC,1.3,3',3.74 lbs,"3.75""",110mm,PL,FF,,,,No,N/A,,,,
,,100mm,2.1,"2' 2""",3.30 lbs,"3.85""",110mm,PL,FF,,,,No,N/A,,,,
,,135mm,2.1,"3' 8""",3.68 lbs,"4.7""",110mm,PL,FF,,,,No,N/A,,,,
,,,,,,,,,,,,,,,,,,
,,Focal Length,T-Stop,Close Focus,Weight (lbs),Length (in),Front Diameter (mm),Mount,Image Circle (mm),Film Compatibility,Iris Blade Count,Extender,LDS,Support Post Length (mm),Manufacture Year,Notes,,
Canon,FD Rehoused (Whitepoint Optics),20mm,2.9,"8""",2.2 lbs,"2.75""",110mm,PL,FF,,14,,No,N/A,,,,
,,24mm,1.5,"1' 1""",2.72 lbs,"3.125""",110mm,PL,FF,,14,,No,N/A,,,,
,,35mm,2.1,1',3.28 lbs,"4""",110mm,PL,FF,,14,,No,N/A,,,,
,,55mm,1.3,"1' 10""",3.28 lbs,"4""",110mm,PL,FF,,14,,No,N/A,,,,
,,85mm,1.3,"2' 10""",3.7 lbs,"4""",110mm,PL,FF,,16,,No,N/A,,,,
,,100mm,2.1,3',3.58 lbs,"4.25""",110mm,PL,FF,,14,,No,N/A,,,,
,,,,,,,,,,,,,,,,,,
,,Focal Length,T-Stop,Close Focus,Weight (lbs),Length (in),Front Diameter (mm),Mount,Image Circle (mm),Film Compatibility,Iris Blade Count,Extender,LDS,Support Post Length (mm),Manufacture Year,Notes,,
Canon,FD Rehoused (Zero Optik) Mixed Set,20mm SSC,3.2,"10""",1.42 lbs,"2.2""",95mm,PL,FF,,12,,No,N/A,1970's,"This is a mixed set from the consigner. They will somewhat match all other Canon FD's, but there are some differences depending on the model.",,
,,24mm FD-L,1.6,1',1.75 lbs,"2.75""",95mm,PL,FF,,16,,No,N/A,1970's,,,
,,28mm SSC,2.2,1',1.60 lbs,"2.75""",95mm,PL,FF,,16,,No,N/A,1970's,,,
,,35mm SSC Convex,2.2,1',1.81 lbs,"3.35""",95mm,PL,FF,,16,,No,N/A,1970's,,,
,,55mm SSC Asph,1.5,"1' 2""",2 lbs,"3.35""",95mm,PL,FF,,16,,No,N/A,1970's,,,
,,85mm FD-L,1.3,"2' 11""",2.26 lbs,"3.35""",95mm,PL,FF,,16,,No,N/A,1970's,,,
,,100mm LTM,2.2,"2' 4""",2.29 lbs,"4.15""",95mm,PL,FF,,16,,No,N/A,1970's,,,
,,135mm nFD,2.1,4',2.50 lbs,"4.3""",95mm,PL,FF,,16,,No,N/A,1970's,,,
,,,,,,,,,,,,,,,,,,
,,Focal Length,T-Stop,Close Focus,Weight (lbs),Length (in),Front Diameter (mm),Mount,Image Circle (mm),Film Compatibility,Iris Blade Count,Extender,LDS,Support Post Length (mm),Manufacture Year,Notes,,
Canon,FF Macro Primes,60mm Macro,2.5,"2.2""",4.9 lbs,"6.3""",87mm,PL,46.31mm,,9,,Yes,N/A,2022,Originally sold as S7 Macro,,
,,90mm Macro,2.5,"4.5""",5.5 lbs,"6.8""",87mm,PL,46.31mm,,9,,Yes,N/A,2022,,,
,,150mm Macro,2.5,"6.8""",6.6 lbs,"9.2""",87mm,PL,46.31mm,,9,,Yes,N/A,2022,,,
,,,,,,,,,,,,,,,,,,
,,Focal Length,T-Stop,Close Focus,Weight (lbs),Length (in),Front Diameter (mm),Mount,Image Circle (mm),Film Compatibility,Iris Blade Count,Extender,LDS,Support Post Length (mm),Manufacture Year,Notes,,
Canon,K-35 Mark II Original,24mm,1.6,1',1.6 lbs,"2.7"" - 2.75""",80mm,PL,38mm clear / 43mm with falloff,,15,"IBE 1.4X, IBE 2X, Ang 2X",No,N/A,1971,Mark II / Telescoping / Vintage,,
,,35mm,1.3,1',2 lbs,"3"" - 3.25""",80mm,PL,41mm clear / 43mm with falloff,,15,"IBE 1.4X, IBE 2X, Ang 2X",No,N/A,1976,Mark II / Telescoping / Vintage,,
,,55mm,1.4,2',1.5 lbs,"2.5"" - 2.7""",80mm,PL,39mm clear / 43mm with falloff,,15,"IBE 1.4X, IBE 2X, Ang 1.4X, Ang 2X",No,N/A,1971,Mark II / Telescoping / Vintage,,
,,85mm,1.4,3',2 lbs,"2.8"" - 3.3""",80mm,PL,40mm clear / 43mm with falloff,,15,"IBE 1.4X, IBE 2X, Ang 1.4X, Ang 2X",No,N/A,1971,Mark II / Telescoping / Vintage,,
,,,,,,,,,,,,,,,,,,
,,Focal Length,T-Stop,Close Focus,Weight (lbs),Length (in),Front Diameter (mm),Mount,Image Circle (mm),Film Compatibility,Iris Blade Count,Extender,LDS,Support Post Length (mm),Manufacture Year,Notes,,
Canon,K-35 Mark II Rehoused (TLS),24mm,1.5,1',2.8 lbs,"3.25""",110mm,PL,42mm clear / 43mm with falloff,,15,"IBE 1.4X, IBE 2X",No,N/A,1971,Mark II / Rehoused (TLS) / Vintage,,
,,35mm,1.3,1',3.7 lbs,"4.1""",110mm,PL,42mm clear / 43mm with falloff,,15,"IBE 1.4X, IBE 2X",No,N/A,1976,Mark II / Rehoused (TLS) / Vintage,,
,,55mm,1.3,"22""",2.5 lbs,"2.8""",110mm,PL,41mm clear / 43mm with falloff,,15,"IBE 1.4X, IBE 2X",No,N/A,1971,Mark II / Rehoused (TLS) / Vintage,,
,,85mm,1.3,"2' 9""",3.3 lbs,"3.7""",110mm,PL,40mm clear / 43mm with falloff,,15,"IBE 1.4X, IBE 2X",No,N/A,1971,Mark II / Rehoused (TLS) / Vintage,,
,,,,,,,,,,,,,,,,,,
,,Focal Length,T-Stop,Close Focus,Weight (lbs),Length (in),Front Diameter (mm),Mount,Image Circle (mm),Film Compatibility,Iris Blade Count,Extender,LDS,Support Post Length (mm),Manufacture Year,Notes,,
Canon,"K-35 Mark II Rehoused 
(Matte black)",24mm,1.5,1',1.4 lbs,"2.4""",80mm,PL,42mm clear / 43mm with falloff,,15,"IBE 1.4X, IBE 2X, Ang 2X",No,N/A,1971,Rehoused / Not currently in inventory / Vintage,,
,,35mm,1.3,1',2 lbs,"3"" - 3.25""",80mm,PL,42mm clear / 43mm with falloff,,15,"IBE 1.4X, IBE 2X, Ang 2X",No,N/A,1976,Rehoused / Telescoping / Not currently in inventory / Vintage,,
,,55mm,1.3,2',1.5 lbs,"2.1"" - 2.4""",80mm,PL,41mm clear / 43mm with falloff,,15,"IBE 1.4X, IBE 2X, Ang 2X",No,N/A,1971,Rehoused / Telescoping / Not currently in inventory / Vintage,,
,,85mm,1.3,3',1.8 lbs,"2.5"" - 3""",80mm,PL,40mm clear / 43mm with falloff,,15,"IBE 1.4X, IBE 2X, Ang 2X",No,N/A,1971,Rehoused / Telescoping / Not currently in inventory / Vintage,,
,,,,,,,,,,,,,,,,,,
,,Focal Length,T-Stop,Close Focus,Weight (lbs),Length (in),Front Diameter (mm),Mount,Image Circle (mm),Film Compatibility,Iris Blade Count,Extender,LDS,Support Post Length (mm),Manufacture Year,Notes,,
Cooke ,Panchro Classic/i Full Frame,18mm,2.2,"11""",4.8 lbs,"5""",125mm,PL,46.31mm,,9,,Yes,N/A,2022,Only one Canada based consigner set in inventory,,
,,21mm,2.2,"11""",4.1 lbs,"5""",110mm,PL,46.31mm,,9,,Yes,N/A,2022,Only one Canada based consigner set in inventory,,
,,25mm,2.2,"13""",4.4 lbs,"4.9""",110mm,PL,46.31mm,,9,,Yes,N/A,2022,Only one Canada based consigner set in inventory,,
,,27mm,2.2,"13""",4.6 lbs,"5""",110mm,PL,46.31mm,,9,,Yes,N/A,2022,Only one Canada based consigner set in inventory,,
,,32mm,2.2,"13""",4.1 lbs,"4.3""",110mm,PL,46.31mm,,9,,Yes,N/A,2022,Only one Canada based consigner set in inventory,,
,,40mm,2.2,"13""",3.3 lbs,"4.1""",110mm,PL,46.31mm,,9,,Yes,N/A,2022,Only one Canada based consigner set in inventory,,
,,50mm,2.2,"16""",3 lbs,"4.4""",110mm,PL,46.31mm,,9,,Yes,N/A,2022,Only one Canada based consigner set in inventory,,
,,65mm Macro,2.4,"13""",6.1 lbs,"7.8""",110mm,PL,46.31mm,,9,,Yes,N/A,2022,Not currently in inventory,,
,,75mm,2.2,"2' 6""",3.9 lbs,"6.1""",110mm,PL,46.31mm,,9,,Yes,N/A,2022,Not currently in inventory,,
,,100mm,2.6,2',3.9 lbs,"6.3""",110mm,PL,46.31mm,,9,,Yes,N/A,2022,Not currently in inventory,,
,,135mm,2.8,"2' 9""",4.6 lbs,"6.6""",110mm,PL,46.31mm,,9,,Yes,N/A,2022,Not currently in inventory,,
,,152mm,3,"3' 6""",4.6 lbs,"6.6""",110mm,PL,46.31mm,,9,,Yes,N/A,2022,Not currently in inventory,,
,,,,,,,,,,,,,,,,,,
,,Focal Length,T-Stop,Close Focus,Weight (lbs),Length (in),Front Diameter (mm),Mount,Image Circle (mm),Film Compatibility,Iris Blade Count,Extender,LDS,Support Post Length (mm),Manufacture Year,Notes,,
Canon,Rangefinder Primes (TLS),19mm,4,"8""",2.6 lbs,"3""",110mm,LPL,43mm,NO,,,No,N/A,1960's,Rehoused / Telescoping within housing / LPL only,,
,,25mm,2.1,"8""",2.68 lbs,"2.75""",110mm,LPL,43mm,NO,,,No,N/A,1960's,Rehoused / Telescoping within housing / LPL only,,
,,28mm,2.1,"8""",2.68 lbs,"2.75""",110mm,LPL,43mm,NO,,,No,N/A,1960's,Rehoused / Telescoping within housing / LPL only,,
,,35mm,1.6,"12""",2 lbs,"2.25""",110mm,LPL,43mm,NO,,,No,N/A,1960's,Rehoused / Telescoping within housing / LPL only,,
,,40mm,1.8,"11""",1.95 lbs,"2.75""",110mm,LPL,43mm,NO,,,No,N/A,1960's,Rehoused / Telescoping within housing / LPL only,,
,,50mm,1.1,"16""",2.25 lbs,"2.75""",110mm,LPL,43mm,NO,,,No,N/A,1960's,Rehoused / Telescoping within housing / LPL only,,
,,58mm,1.4,"19""",2.10 lbs,"2.75""",110mm,LPL,43mm,NO,,,No,N/A,1960's,Rehoused / Telescoping within housing / LPL only,,
,,85mm,1.6,"2' 2""",3.34 lbs,"3.5""",110mm,LPL,43mm,NO,,,No,N/A,1960's,Rehoused / Telescoping within housing / LPL only,,
,,100mm,2.1,"2' 2""",3.44 lbs,"4""",110mm,LPL,43mm,NO,,,No,N/A,1960's,Rehoused / Telescoping within housing / LPL only,,
,,135mm,2.8,"3' 6""",3.58 lbs,"5""",110mm,LPL,43mm,NO,,,No,N/A,1960's,Rehoused / Telescoping within housing / LPL only,,
,,,,,,,,,,,,,,,,,,
,,Focal Length,T-Stop,Close Focus,Weight (lbs),Length (in),Front Diameter (mm),Mount,Image Circle (mm),Film Compatibility,Iris Blade Count,Extender,LDS,Support Post Length (mm),Manufacture Year,Notes,,
Canon,Rangefinder Primes (Zero Optik),19mm,3.9 (f/3.5),"6""",2.12 lbs,"3""",110mm,LPL,43mm,NO,12,,No,N/A,1960's,Rehoused / Telescoping within housing / LPL only,,
,,25mm,,"11""",,,110mm,LPL,43mm,NO,12,,No,N/A,1960's,Rehoused / Telescoping within housing / LPL only / Not Available Yet,,
,,28mm,2.8 (f/2.8),"11""",1.2 lbs,"2""",110mm,LPL,43mm,NO,12,,No,N/A,1960's,Rehoused / Telescoping within housing / LPL only,,
,,35mm,1.7 (f/1.5),"11""",1.38 lbs,"2.5""",110mm,LPL,43mm,NO,12,,No,N/A,1960's,Rehoused / Telescoping within housing / LPL only,,
,,50mm,1.2 (f/0.95),"1' 1""",2.08 lbs,"3""",110mm,LPL,43mm,NO,16,,No,N/A,1960's,Rehoused / Telescoping within housing / LPL only,,
,,85mm,1.9 (f/1.8),"1' 9""",2.72 lbs,"5""",110mm,LPL,43mm,NO,16,,No,N/A,1960's,Rehoused / Telescoping within housing / LPL only,,
,,100mm,2.2 (f/2.0),"2' 4""",2.94 lbs,"5""",110mm,LPL,43mm,NO,16,,No,N/A,1960's,Rehoused / Telescoping within housing / LPL only,,
,,,,,,,,,,,,,,,,,,
,,Focal Length,T-Stop,Close Focus,Weight (lbs),Length (in),Front Diameter (mm),Mount,Image Circle (mm),Film Compatibility,Iris Blade Count,Extender,LDS,Support Post Length (mm),Manufacture Year,Notes,,
Cooke,S8/i,18mm,T1.4,2',7.4 lbs,"7.8""",136mm,PL / LPL,46.31mm,,9,,Yes,,2022,,,
,,21mm,T1.4,2',7.6 lbs,"7.7""",125mm,PL / LPL,46.31mm,,9,,Yes,,2022,Not currently in inventory,,
,,25mm,T1.4,"1' 10""",5.45 lbs,"6.38""",104mm,PL / LPL,46.31mm,,9,,Yes,,2022,,,
,,27mm,T1.4,2',5.7 lbs,"6.4""",104mm,PL / LPL,46.31mm,,9,,Yes,,2022,Not currently in inventory,,
,,32mm,T1.4,"2' 3""",5.36 lbs,"6.18""",104mm,PL / LPL,46.31mm,,9,,Yes,,2022,,,
,,35mm,T1.4,"2' 3""",5.3 lbs,"6.2""",104mm,PL / LPL,46.31mm,,9,,Yes,,2022,Not currently in inventory,,
,,40mm,T1.4,"2' 3""",5.22 lbs,"6.28""",104mm,PL / LPL,46.31mm,,9,,Yes,,2022,,,
,,50mm,T1.4,"2' 3""",4.76 lbs,"6.18""",104mm,PL / LPL,46.31mm,,9,,Yes,,2022,,,
,,65mm,T1.4,"2' 6""",5.7 lbs,"6.2""",104mm,PL / LPL,46.31mm,,9,,Yes,,2022,Not currently in inventory,,
,,75mm,T1.4,"2' 9""",5.47 lbs,"6.18""",104mm,PL / LPL,46.31mm,,9,,Yes,,2022,,,
,,100mm,T1.4,"2' 9""",5.40 lbs,"6.18""",104mm,PL / LPL,46.31mm,,9,,Yes,,2022,,,
,,135mm,T1.4,4',7.14 lbs,"7.87""",104mm,PL / LPL,46.31mm,,9,,Yes,,2022,,,
,,180mm,T1.8,,,,,PL / LPL,46.31mm,,9,,Yes,,2022,"Still in development, removed from spec sheets by Cooke, unsure if these will be completed",,
,,250mm,T2.5,,,,,PL / LPL,46.31mm,,9,,Yes,,2022,"Still in development, removed from spec sheets by Cooke, unsure if these will be completed",,
,,350mm,T2.8,,,,,PL / LPL,46.31mm,,9,,Yes,,2022,"Still in development, removed from spec sheets by Cooke, unsure if these will be completed",,
,,,,,,,,,,,,,,,,,,
,,Focal Length,T-Stop,Close Focus,Weight (lbs),Length (in),Front Diameter (mm),Mount,Image Circle (mm),Film Compatibility,Iris Blade Count,Extender,LDS,Support Post Length (mm),Manufacture Year,Notes,,
Cooke,S7/i,18mm,2,"16""",7.7 lbs,"7.87""",110mm,PL,46.31mm,,9,,Yes,N/A,2018,,,
,,21mm,2,"14""",7.28 lbs,"7.44""",110mm,PL,46.31mm,,9,,Yes,N/A,2018,,,
,,25mm,2,"14""",7.3 lbs,"7.44""",110mm,PL,46.31mm,,9,,Yes,N/A,2017,,,
,,32mm,2,"14""",7.5 lbs,"6.97""",110mm,PL,46.31mm,,9,,Yes,N/A,2017,,,
,,40mm,2,"18""",7.7 lbs,"7.44""",110mm,PL,46.31mm,,9,,Yes,N/A,2018,,,
,,50mm,2,"20""",7.5 lbs,"7.44""",110mm,PL,46.31mm,,9,,Yes,N/A,2017,,,
,,60mm Macro,2.5,"2.2""",4.9 lbs,"6.3""",87mm,PL,46.31mm,,9,,Yes,N/A,2022,AKA Cooke FF Macro Prime,,
,,75mm,2,"19""",6.6 lbs,"7.44""",110mm,PL,46.31mm,,9,,Yes,N/A,2017,,,
,,90mm Macro,2.5,"4.5""",5.5 lbs,"6.8""",87mm,PL,46.31mm,,9,,Yes,N/A,2022,AKA Cooke FF Macro Prime,,
,,100mm,2,"2' 6""",7.3 lbs,"7.44""",110mm,PL,46.31mm,,9,,Yes,N/A,2018,,,
,,135mm,2,"3' 3""",8.2 lbs,"7.44""",110mm,PL,46.31mm,,9,,Yes,N/A,2017,,,
,,150mm Macro,2.5,"6.8""",6.6 lbs,"9.2""",87mm,PL,46.31mm,,9,,Yes,N/A,2022,AKA Cooke FF Macro Prime,,
,,,,,,,,,,,,,,,,,,
,,Focal Length,T-Stop,Close Focus,Weight (lbs),Length (in),Front Diameter (mm),Mount,Image Circle (mm),Film Compatibility,Iris Blade Count,Extender,LDS,Support Post Length (mm),Manufacture Year,Notes,,
Cooke ,SP3,18mm,2.4,"10""",1.51 lbs,"4.29""",82mm,E/RF/L/M,43.3mm,NO,9,None,No,N/A,2024,Consigner only has E-Mount and RF-Mount ,,
,,25mm,2.4,"9.8""",1.26 lbs,"3.85""",64mm,E/RF/L/M,43.3mm,NO,9,None,No,N/A,2023,Consigner only has E-Mount and RF-Mount ,,
,,32mm,2.4,"13.8""",1.14 lbs,"3.7""",64mm,E/RF/L/M,43.3mm,NO,9,None,No,N/A,2023,Consigner only has E-Mount and RF-Mount ,,
,,50mm,2.4,"19.7""",1.1 lbs,"3.7""",64mm,E/RF/L/M,43.3mm,NO,9,None,No,N/A,2023,Consigner only has E-Mount and RF-Mount ,,
,,75mm,2.4,"2' 8""",1.14 lbs,"3.85""",64mm,E/RF/L/M,43.3mm,NO,9,None,No,N/A,2023,Consigner only has E-Mount and RF-Mount ,,
,,100mm,2.4,"2' 8""",1.52 lbs,"4.88""",82mm,E/RF/L/M,43.3mm,NO,9,None,No,N/A,2023,Consigner only has E-Mount and RF-Mount ,,
,,,,,,,,,,,,,,,,,,
,,Focal Length,T-Stop,Close Focus,Weight (lbs),Length (in),Front Diameter (mm),Mount,Image Circle (mm),Film Compatibility,Iris Blade Count,Extender,LDS,Support Post Length (mm),Manufacture Year,Notes,,
Canon,Type SK Primes,25mm,T1.6,"9""",2.95 lbs,,110mm,PL,41mm,,10,,No,N/A,1960's,Slight Corner Vignette in Full Frame / Clears 1.78:1,,
,,28mm,T1.9,"10""",2.19 lbs,,110mm,PL,43mm,,,,No,N/A,1960's,Slight Corner Vignette in Full Frame / Clears 1.78:1,,
,,35mm,T1.6,"12""",1.55 lbs,,110mm,PL,43mm,,10,,No,N/A,1960's,Slight Corner Vignette in Full Frame / Clears 1.78:1,,
,,40mm,T1.9,"14""",1.57 lbs,"2.5""",110mm,PL,43mm,,,,No,N/A,1960's,,,
,,45mm,T1.7,"10""",1.6 lbs,"2.5""",110mm,PL,43mm,,,,No,N/A,1960's,,,
,,50mm,T1.6,"12""",2.06 lbs,,110mm,PL,43mm,,9,,No,N/A,1960's,,,
,,60mm,T1.6,"1' 2""",2.06 lbs,,110mm,PL,43mm,,14,,No,N/A,1960's,,,
,,85mm,T1.6,"20""",2.82 lbs,,110mm,PL,43mm,,20,,No,N/A,1960's,,,
,,100mm,T2.1,"27""",2.48 lbs,,110mm,PL,43mm,,13,,No,N/A,1960's,,,
,,135mm,T2.1,"3' 7""",4.05 lbs,"6""",110mm,PL,43mm,,,,No,N/A,1960's,,,
,,,,,,,,,,,,,,,,,,
,,Focal Length,T-Stop,Close Focus,Weight (lbs),Length (in),Front Diameter (mm),Mount,Image Circle (mm),Film Compatibility,Iris Blade Count,Extender,LDS,Support Post Length (mm),Manufacture Year,Notes,,
DZOFilm,ARLES,14mm,1.8,"11""",3.62 lbs,"4.76""",95mm,PL / LPL / EF,46.5mm,,16,,No,N/A,,Not currently in inventory,,
,,21mm,1.4,"1' 1""",3.30 lbs,"4.76""",95mm,PL / LPL / EF,46.5mm,,16,,No,N/A,,Not currently in inventory,,
,,25mm,1.4,"1' 2""",3.28 lbs,"4.76""",95mm,PL / LPL / EF,46.5mm,,16,,No,N/A,,Not currently in inventory,,
,,35mm,1.4,"1' 2""",3.63 lbs,"4.76""",95mm,PL / LPL / EF,46.5mm,,16,,No,N/A,,Not currently in inventory,,
,,40mm,1.4,"1' 4""",3.60 lbs,"4.76""",95mm,PL / LPL / EF,46.5mm,,16,,No,N/A,,Not currently in inventory,,
,,50mm,1.4,"1' 7""",3.72 lbs,"4.76""",95mm,PL / LPL / EF,46.5mm,,16,,No,N/A,,Not currently in inventory,,
,,75mm,1.4,"2' 6""",3.66 lbs,"4.76""",95mm,PL / LPL / EF,46.5mm,,16,,No,N/A,,Not currently in inventory,,
,,100mm,1.4,"2' 11""",4.03 lbs,"4.76""",95mm,PL / LPL / EF,46.5mm,,16,,No,N/A,,Not currently in inventory,,
,,135mm,1.8,"3' 3""",4.06 lbs,"5.12""",95mm,PL / LPL / EF,46.5mm,,16,,No,N/A,,Not currently in inventory,,
,,180mm,2.4,"3' 6""",3.69 lbs,"5.12""",95mm,PL / LPL / EF,46.5mm,,16,,No,N/A,,Not currently in inventory,,
,,,,,,,,,,,,,,,,,,
,,Focal Length,T-Stop,Close Focus,Weight (lbs),Length (in),Front Diameter (mm),Mount,Image Circle (mm),Film Compatibility,Iris Blade Count,Extender,LDS,Support Post Length (mm),Manufacture Year,Notes,,
DZO Film,Gnosis Macro,24mm,2.8,"6.1""",2.78 lbs,"3.93""",114mm,PL / EF / LPL,46.5mm,,16,,No,N/A,2022,,,
,,32mm,2.8,"6.6""",3.21 lbs,"4.40""",114mm,PL / EF / LPL,46.5mm,,16,,No,N/A,2022,,,
,,65mm,2.8,"9.36""",3.19 lbs,"4.40""",114mm,PL / EF / LPL,46.5mm,,16,,No,N/A,2022,,,
,,90mm,2.8,"10.2""",2.82 lbs,"4.40""",114mm,PL / EF / LPL,46.5mm,,16,,No,N/A,2022,,,
,,,,,,,,,,,,,,,,,,
,,Focal Length,T-Stop,Close Focus,Weight (lbs),Length (in),Front Diameter (mm),Mount,Image Circle (mm),Film Compatibility,Iris Blade Count,Extender,LDS,Support Post Length (mm),Manufacture Year,Notes,,
DZO Film,Vespid Primes,12mm,2.8,"8""",1.6 lbs,"2.83""",80mm,PL / EF,46.5mm,,10,,No,N/A,2023,,,
,,16mm,2.8,"10""",2.05 lbs,"3.43""",80mm,PL / EF,46.5mm,,16,,No,N/A,2023,,,
,,21mm,2.1,"11""",1.94 lbs,"3.43""",80mm,PL / EF,46.5mm,,16,,No,N/A,2023,,,
,,25mm,2.1,"12""",2.25 lbs,"3.94""",80mm,PL / EF,46.5mm,,16,,No,N/A,2023,,,
,,35mm,2.1,"12""",2.12 lbs,"3.43""",80mm,PL / EF,46.5mm,,16,,No,N/A,2023,,,
,,40mm,2.1,"12""",2 lbs,"3.43""",80mm,PL / EF,46.5mm,,16,,No,N/A,2023,,,
,,50mm,2.1,"1' 6""",1.88 lbs,"3.43""",80mm,PL / EF,46.5mm,,16,,No,N/A,2023,,,
,,75mm,2.1,2',1.95 lbs,"3.43""",80mm,PL / EF,46.5mm,,16,,No,N/A,2023,,,
,,90mm,2.8,"10.2""",1.84 lbs,"4.41""",80mm,PL / EF,46.5mm,,16,,No,N/A,2023,,,
,,100mm,2.1,"2' 4""",2.08 lbs,"3.94""",80mm,PL / EF,46.5mm,,16,,No,N/A,2023,,,
,,125mm,2.1,"2' 7""",2.16 lbs,"3.94""",80mm,PL / EF,46.5mm,,16,,No,N/A,2023,,,
,,,,,,,,,,,,,,,,,,
,,Focal Length,T-Stop,Close Focus,Weight (lbs),Length (in),Front Diameter (mm),Mount,Image Circle (mm),Film Compatibility,Iris Blade Count,Extender,LDS,Support Post Length (mm),Manufacture Year,Notes,,
DZO Film,Vespid Primes Retro,16mm,2.8,"10""",2.05 lbs,"3.43""",80mm,PL / EF,46.5mm,,16,,No,N/A,2024,,,
,,25mm,2.1,"12""",2.25 lbs,"3.94""",80mm,PL / EF,46.5mm,,16,,No,N/A,2024,,,
,,35mm,2.1,"12""",2.12 lbs,"3.43""",80mm,PL / EF,46.5mm,,16,,No,N/A,2024,,,
,,50mm,2.1,"1' 6""",1.88 lbs,"3.43""",80mm,PL / EF,46.5mm,,16,,No,N/A,2024,,,
,,75mm,2.1,2',1.95 lbs,"3.43""",80mm,PL / EF,46.5mm,,16,,No,N/A,2024,,,
,,100mm,2.1,"2' 4""",2.08 lbs,"3.94""",80mm,PL / EF,46.5mm,,16,,No,N/A,2024,,,
,,125mm,2.1,"2' 7""",2.16 lbs,"3.94""",80mm,PL / EF,46.5mm,,16,,No,N/A,2024,,,
,,,,,,,,,,,,,,,,,,
,,Focal Length,T-Stop,Close Focus,Weight (lbs),Length (in),Front Diameter (mm),Mount,Image Circle (mm),Film Compatibility,Iris Blade Count,Extender,LDS,Support Post Length (mm),Manufacture Year,Notes,,
Gecko-Cam,Genesis G35,14.5mm,3,"11""",2.5 lbs,"3.13""",114mm,PL,46.3mm,,,,No,N/A,2022,,,
,,16mm,2.4,"11""",,"3.13""",114mm,PL,46.3mm,,,,No,N/A,2022,,,
,,20mm,1.8,"8""",,"3.46""",114mm,PL,46.3mm,,,,No,N/A,2022,,,
,,25mm,1.4,"10""",,"3.46""",114mm,PL,46.3mm,,,,No,N/A,2022,,,
,,35mm,1.4,"12""",,"4.5""",114mm,PL,46.3mm,,,,No,N/A,2022,,,
,,50mm,1.4,"17""",,"3.46""",114mm,PL,46.3mm,,,,No,N/A,2022,,,
,,85mm,1.4,"3' 8""",,"3.46""",114mm,PL,46.3mm,,,,No,N/A,2022,,,
,,100mm Macro,2.9,"12""",,"4.7""",114mm,PL,46.3mm,,,,No,N/A,2022,,,
,,135mm,2,"2' 6""",3.5 lbs,"4.5""",95mm,PL,46.3mm,,,,No,N/A,2022,,,
,,,,,,,,,,,,,,,,,,
,,Focal Length,T-Stop,Close Focus,Weight (lbs),Length (in),Front Diameter (mm),Mount,Image Circle (mm),Film Compatibility,Iris Blade Count,Extender,LDS,Support Post Length (mm),Manufacture Year,Notes,,
Gecko-Cam,Genesis G35,14.5mm,3,"11""",2.5 lbs,"3.13""",114mm,PL,46.3mm,,14,,No,N/A,2022,,,
,,16mm,2.4,"11""",,"3.13""",95mm,PL,46.3mm,,14,,No,N/A,2022,,,
,,20mm,1.8,"8""",,"3.46""",95mm,PL,46.3mm,,14,,No,N/A,2022,,,
,,25mm,1.4,"10""",,"3.46""",95mm,PL,46.3mm,,14,,No,N/A,2022,,,
,,35mm,1.4,"12""",,"4.5""",95mm,PL,46.3mm,,14,,No,N/A,2022,,,
,,50mm,1.4,"17""",,"3.46""",95mm,PL,46.3mm,,14,,No,N/A,2022,,,
,,85mm,1.4,"3' 8""",,"3.46""",95mm,PL,46.3mm,,14,,No,N/A,2022,,,
,,100mm Macro,2.9,"12""",,"4.7""",95mm,PL,46.3mm,,14,,No,N/A,2022,,,
,,135mm,2,"2' 6""",3.5 lbs,"4.5""",95mm,PL,46.3mm,,14,,No,N/A,2022,,,
,,,,,,,,,,,,,,,,,,
,,Focal Length,T-Stop,Close Focus,Weight (lbs),Length (in),Front Diameter (mm),Mount,Image Circle (mm),Film Compatibility,Iris Blade Count,Extender,LDS,Support Post Length (mm),Manufacture Year,Notes,,
Gecko-Cam,Genesis G65,24mm,2.8,"17""",3,3.17,95,LPL,46mm,NO,14,,No,N/A,2022,Convertable from 65mm format to Large Format,,
,,32mm,2.3,"17""",3,3.17,95,LPL,46mm,NO,14,,No,N/A,2022,,,
,,40mm,2.3,"17""",3,3.17,95,LPL,46mm,NO,14,,No,N/A,2022,,,
,,50mm,2.3,"2' 7""",3,3.17,95,LPL,46mm,NO,14,,No,N/A,2022,,,
,,60mm,1.6,"2' 3""",3,3.17,95,LPL,46mm,NO,14,,No,N/A,2022,,,
,,80mm,2.3,"2' 9""",3,3.17,95,LPL,46mm,NO,14,,No,N/A,2022,,,
,,110mm,2.3,"3' 10""",4.5,5.5,95,LPL,46mm,NO,14,,No,N/A,2022,,,
,,145mm,2.3,"6' 2""",5.5,6.6,95,LPL,46mm,NO,14,,No,N/A,2022,,,
,,,,,,,,,,,,,,,,,,
,,Focal Length,T-Stop,Close Focus,Weight (lbs),Length (in),Front Diameter (mm),Mount,Image Circle (mm),Film Compatibility,Iris Blade Count,Extender,LDS,Support Post Length (mm),Manufacture Year,Notes,,
Gecko-Cam,Genesis Opia,18mm,2,"8""",,"3.42""",95mm,LPL,FF,NO,14,,No,N/A,2024,Not currently in inventory,,
,,20mm,2,"8""",,"2.9""",95mm,LPL,FF,NO,14,,No,N/A,2024,Not currently in inventory,,
,,25mm,2,"12""",2.18 lbs,"2.9""",95mm,LPL,FF,NO,14,,No,N/A,2024,,,
,,35mm,2,"12""",2.06 lbs,"2.9""",95mm,LPL,FF,NO,14,,No,N/A,2024,,,
,,40mm,2,"12""",1.79 lbs,"3.42""",95mm,LPL,FF,NO,14,,No,N/A,2024,,,
,,50mm,2,"12""",2.21 lbs,"3.42""",95mm,LPL,FF,NO,14,,No,N/A,2024,,,
,,58mm,2,"12""",2.27 lbs,"3.42""",95mm,LPL,FF,NO,14,,No,N/A,2024,,,
,,65mm,2,"16""",2.30 lbs,"3.42""",95mm,LPL,FF,NO,14,,No,N/A,2024,,,
,,75mm,2,"20""",2.45 lbs,"3.42""",95mm,LPL,FF,NO,14,,No,N/A,2024,,,
,,85mm,2,"20""",3.02 lbs,"4.27""",95mm,LPL,FF,NO,14,,No,N/A,2024,,,
,,100mm,2,"2' 4""",3.16 lbs,"4.27""",95mm,LPL,FF,NO,18,,No,N/A,2024,,,
,,125mm,2,"2' 4""",4.02 lbs,"5.55""",95mm,LPL,FF,NO,18,,No,N/A,2024,,,
,,150mm,2,3',,"8.24""",136mm,LPL,FF,NO,18,,No,N/A,2024,Not currently in inventory,,
,,210mm,2,5',,"9.85""",136mm,LPL,FF,NO,20,,No,N/A,2024,Not currently in inventory,,
,,,,,,,,,,,,,,,,,,
,,Focal Length,T-Stop,Close Focus,Weight (lbs),Length (in),Front Diameter (mm),Mount,Image Circle (mm),Film Compatibility,Iris Blade Count,Extender,LDS,Support Post Length (mm),Manufacture Year,Notes,,
IBE,Raptor Macro,60mm,2.9 (5.3 at CF),"7.48""",2.54 lbs,"4.17""",95mm,PL,46.6mm,,9,,No,N/A,2016,,,
,,100mm,2.9 (5.3 at CF),"12.3""",3.3 lbs,"5.7""",95mm,PL,46.6mm,,9,,No,N/A,2016,,,
,,150mm,2.9 (5.3 at CF),"15""",4.2 lbs,"5.7""",95mm,PL,46.6mm,,9,,No,N/A,2016,,,
,,180mm,2.9 (5.3 at CF),"18.5""",6.4 lbs,"7.9""",95mm,PL,46.6mm,,9,,No,N/A,2016,,,
,,,,,,,,,,,,,,,,,,
,,Focal Length,T-Stop,Close Focus,Weight (lbs),Length (in),Front Diameter (mm),Mount,Image Circle (mm),Film Compatibility,Iris Blade Count,Extender,LDS,Support Post Length (mm),Manufacture Year,Notes,,
IronGlass Primes,MKI Primes Blue Flare,28mm,3.5,"8""",1.43 lbs,"2.75""",75mm,PL,41mm,,6,,No,N/A,1980's,Manufacture Year is a rough estimate. Some lenses are older or newer.,,
,,37mm,2.8,2',.68 lbs,"2""",75mm,PL,43mm,,10,,No,N/A,1980's,,,
,,58mm,2,"19""",.70 lbs,"2.25""",75mm,PL,43mm,,8,,No,N/A,1980's,,,
,,85mm,2,"29""",1.04 lbs,"2.5""",75mm,PL,43mm,,15,,No,N/A,1980's,,,
,,135mm,2.8,4',1.65 lbs,"5""",75mm,PL,43mm,,20,,No,N/A,1980's,,,
,,,,,,,,,,,,,,,,,,
,MKI Primes Orange Flare,37mm,2.8,2',.68 lbs,"2.7""",75mm,PL,43mm,,10,,No,N/A,1980's,,,
,,58mm,2,"19""",.70 lbs,"3""",75mm,PL,43mm,,8,,No,N/A,1980's,,,
,,85mm,2,"32""",1.04 lbs,"3.25""",75mm,PL,43mm,,15,,No,N/A,1980's,,,
,,135mm,3.5,4',1.23 lbs,"5""",75mm,PL,43mm,,12,,No,N/A,1980's,,,
,,,,,,,,,,,,,,,,,,
,MKI Primes Gold Flare,28mm,3.5,"8""",1.43 lbs,"2.75""",75mm,PL,41mm,,6,,No,N/A,1980's,,,
,,37mm,2.8,2',.68 lbs,"2.6""",75mm,PL,43mm,,10,,No,N/A,1980's,,,
,,58mm,2,"19""",.70 lbs,"3""",75mm,PL,43mm,,8,,No,N/A,1980's,,,
,,85mm,2,"32""",1.04 lbs,"3.25""",75mm,PL,43mm,,15,,No,N/A,1980's,,,
,,135mm,2.8,4',1.23 lbs,"5.6""",75mm,PL,43mm,,20,,No,N/A,1980's,,,
,,,,,,,,,,,,,,,,,,
,,Focal Length,T-Stop,Close Focus,Weight (lbs),Length (in),Front Diameter (mm),Mount,Image Circle (mm),Film Compatibility,Iris Blade Count,Extender,LDS,Support Post Length (mm),Manufacture Year,Notes,,
IronGlass,"MKII Primes (Blue, Orange, and Gold)",20mm,3.5,"7""",1.3 lbs,"3""",95mm,PL,43mm,,,,No,N/A,1980's,Not currently in inventory,,
,"(aka Soviet Cine/
Russian Flare)",28mm,3.5,"8""",1.7 lbs,"3""",95mm,PL,43mm,,,,No,N/A,1980's,Not currently in inventory,,
,Fully Rehoused,37mm,2.8,"22""",0.95 lbs,"3""",95mm,PL,43mm,,,,No,N/A,1980's,Not currently in inventory,,
,,58mm,2,"19""",1.3 lbs,"3""",95mm,PL,43mm,,,,No,N/A,1980's,Not currently in inventory,,
,,85mm,2,"2' 7""",1.38 lbs,"3""",95mm,PL,43mm,,,,No,N/A,1980's,Not currently in inventory,,
,,135mm,2.8,4',2.12 lbs,"4""",95mm,PL,43mm,,,,No,N/A,1980's,Not currently in inventory,,
,,,,,,,,,,,,,,,,,,
,,Focal Length,T-Stop,Close Focus,Weight (lbs),Length (in),Front Diameter (mm),Mount,Image Circle (mm),Film Compatibility,Iris Blade Count,Extender,LDS,Support Post Length (mm),Manufacture Year,Notes,,
Kilfitt,Macro,90mm,3.2,"16""",1.4 lbs,"3.5"" - 4.6""",75mm,PL,43mm,,16,"IBE 1.4X, IBE 2X, Ang 1.4X, Ang 2X, Optex, 2X, Century 2X, Optitek 1.4X",No,N/A,,Telesoping / Rotating front,,
,,,,,,,,,,,,,,,,,,
,,Focal Length,T-Stop,Close Focus,Weight (lbs),Length (in),Front Diameter (mm),Mount,Image Circle (mm),Film Compatibility,Iris Blade Count,Extender,LDS,Support Post Length (mm),Manufacture Year,Notes,,
Konica,Hexanon Primes,21mm,2.9,"8""",1.98 lbs,"2""",110mm,PL,FF,,,,No,N/A,1960's,,,
,Ancient Optics / GL Optics Rehoused,24mm,2.9,"15""",2.14 lbs,,110mm,PL,FF,,,,No,N/A,1960's,Not currently in inventory,,
,,28mm,1.9,"7""",1.98 lbs,"3.5""",110mm,PL,FF,,,,No,N/A,1960's,,,
,,35mm,2.1,"11""",3.08 lbs,"3""",110mm,PL,FF,,,,No,N/A,1960's,,,
,,40mm,1.9,"13""",2.53 lbs,"3.5""",110mm,PL,FF,,,,No,N/A,1960's,,,
,,50mm,1.6,"17""",2.75 lbs,"3.25""",110mm,PL,FF,,,,No,N/A,1960's,,,
,,57mm,1.3,"20""",2.86 lbs,"3.25""",110mm,PL,FF,,,,No,N/A,1960's,,,
,,85mm,1.9,"2' 6""",2.97 lbs,"3.75""",110mm,PL,FF,,,,No,N/A,1960's,,,
,,100mm,2.8,"3' 3""",2.58 lbs,,110mm,PL,FF,,,,No,N/A,1960's,Not currently in inventory,,
,,135mm,2.5,4',3.2 lbs,"4.5""",110mm,PL,FF,,,,No,N/A,1960's,,,
,,200mm,3.5,"5' 6""",4.72 lbs,,110mm,PL,FF,,,,No,N/A,1960's,Not currently in inventory,,
,,,,,,,,,,,,,,,,,,
,,Focal Length,T-Stop,Close Focus,Weight (lbs),Length (in),Front Diameter (mm),Mount,Image Circle (mm),Film Compatibility,Iris Blade Count,Extender,LDS,Support Post Length (mm),Manufacture Year,Notes,,
Kowa,FF Primes,19mm,4,"12""",2.25 lbs,"2.5""",110mm,PL,43mm,,16,,No,N/A,1960's,,,
,TLS Rehoused,28mm,3.6,"9""",2.06 lbs,"2.75""",110mm,PL,43mm,,16,,No,N/A,1960's,,,
,,35mm,2.9,"11""",2.02 lbs,"2.75""",110mm,PL,43mm,,16,,No,N/A,1960's,,,
,,50mm,1.9,"16""",2 lbs,"2.75""",110mm,PL,43mm,,16,,No,N/A,1960's,,,
,,85mm,2.9,"2' 3""",2.68 lbs,"3.5""",110mm,PL,43mm,,16,,No,N/A,1960's,,,
,,100mm,3.6,3',2.78 lbs,"3.5""",110mm,PL,43mm,,16,,No,N/A,1960's,,,
,,135mm,3.9,"3' 9""",3.12 lbs,"4""",110mm,PL,43mm,,16,,No,N/A,1960's,,,
,,,,,,,,,,,,,,,,,,
,,Focal Length,T-Stop,Close Focus,Weight (lbs),Length (in),Front Diameter (mm),Mount,Image Circle (mm),Film Compatibility,Iris Blade Count,Extender,LDS,Support Post Length (mm),Manufacture Year,Notes,,
Laowa,Sword Macros,15mm,2.9,"0"" (front element)",1.41 lbs,"2.65""",100mm,PL/EF/RF/E/Z/L,FF,,14,,No,N/A,2024,Not currently in inventory,,
,,25mm,2.9,"1.18""",1.66 lbs,"3.72""",80mm,PL/EF/RF/E/Z/L,FF,,7,,No,N/A,2024,Not currently in inventory,,
,,35mm,2.9,"2""",1.65 lbs,"3.72""",80mm,PL/EF/RF/E/Z/L,FF,,13,,No,N/A,2024,Not currently in inventory,,
,,60mm,2.9,"2.36""",1.62 lbs,"4.45""",80mm,PL/EF/RF/E/Z/L,FF,,13,,No,N/A,2024,Not currently in inventory,,
,,100mm,2.9,"5.15""",2.1 lbs,"5.49""",80mm,PL/EF/RF/E/Z/L,FF,,13,,No,N/A,2024,Not currently in inventory,,
,,180mm,4.6,"6.22""",1.61 lbs,"4.93""",80mm,PL/EF/RF/E/Z/L,FF,,13,,No,N/A,2024,Not currently in inventory,,
,,,,,,,,,,,,,,,,,,
,,Focal Length,T-Stop,Close Focus,Weight (lbs),Length (in),Front Diameter (mm),Mount,Image Circle (mm),Film Compatibility,Iris Blade Count,Extender,LDS,Support Post Length (mm),Manufacture Year,Notes,,
Laowa,Zero-D,12mm,T2.9,"7""",1.5 lbs,"3.4""",100mm / 114mm w/ step up ring,PL,43.3mm,,7,N/A,No,N/A,,,,
,,,,,,,,,,,,,,,,,,
,,Focal Length,T-Stop,Close Focus,Weight (lbs),Length (in),Front Diameter (mm),Mount,Image Circle (mm),Film Compatibility,Iris Blade Count,Extender,LDS,Support Post Length (mm),Manufacture Year,Notes,,
Leitz,Dalsa 4K Leica R,19mm,2.8,,,,,PL,43mm,,8,,No,N/A,2007,Consigner does not have this lens.,,
,,24mm,2.8,"1' 9""",1.6 lbs,"2.75""",95mm,PL,43mm,,8,,No,N/A,2007,Dalsa made lenses using Leica R's as the doner lens.,,
,,28mm,2.8,"1' 9""",1.7 lbs,"3""",95mm,PL,43mm,,8,,No,N/A,2007,,,
,,35mm,1.4,"2' 3""",2.4 lbs,"3.75""",95mm,PL,43mm,,8,,No,N/A,2007,,,
,,50mm,1.4,2',1.9 lbs,"3.5""",95mm,PL,43mm,,8,,No,N/A,2007,,,
,,80mm,1.4,"2' 3""",2.5 lbs,"3.75""",95mm,PL,43mm,,8,,No,N/A,2007,,,
,,100mm,2.8,"2' 3""",2.6 lbs,"4.75""",95mm,PL,43mm,,8,,No,N/A,2007,,,
,,180mm,2,"4' 6""",5.6 lbs,"7""",114mm,PL,43mm,,8,,No,N/A,2007,,,
,,200mm,2,8',,,,,,,,,,,,,,
,,,,,,,,,,,,,,,,,,
,,Focal Length,T-Stop,Close Focus,Weight (lbs),Length (in),Front Diameter (mm),Mount,Image Circle (mm),Film Compatibility,Iris Blade Count,Extender,LDS,Support Post Length (mm),Manufacture Year,Notes,,
Leitz,GL Optix Leica R,15mm,3.5,"6""",2.8 lbs,"3.5""",85mm (Wide Angle Shade),PL,FF,,6,,No,N/A,1960's,,,
,,19mm,2.8,"11""",1.6,,95mm,PL,FF,,,,No,N/A,1960's,,,
,,28mm,2.8,"9""",1.8,,95mm,PL,FF,,,,No,N/A,1960's,,,
,,35mm,1.4,2',3.2,,95mm,PL,FF,,,,No,N/A,1960's,,,
,,50mm,1.4,"1' 8""",2.1,,95mm,PL,FF,,,,No,N/A,1960's,,,
,,80mm,1.4,"2' 3""",3,,95mm,PL,FF,,,,No,N/A,1960's,,,
,,100mm,2.8,"1' 6""",5.8,,95mm,PL,FF,,,,No,N/A,1960's,,,
,,135mm,2.8,5',4.2,,95mm,PL,FF,,,,No,N/A,1960's,,,
,,,,,,,,,,,,,,,,,,
,,Focal Length,T-Stop,Close Focus,Weight (lbs),Length (in),Front Diameter (mm),Mount,Image Circle (mm),Film Compatibility,Iris Blade Count,Extender,LDS,Support Post Length (mm),Manufacture Year,Notes,,
Leitz,TLS/Cinescope Leica R,19mm,2.9,"9""",2 lbs,"2.7""",110mm,PL,FF,,,,No,N/A,1960's,,,
,,24mm,2.9,"10""",2 lbs,"2.7""",110mm,PL,FF,,,,No,N/A,1960's,,,
,,28mm,2.9,"9""",2 lbs,"2.7""",110mm,PL,FF,,,,No,N/A,1960's,,,
,,35mm,1.5,"1' 8""",3.2 lbs,"3.2""",110mm,PL,FF,,,,No,N/A,1960's,,,
,,50mm,1.5,"1' 5""",2.3 lbs,"2.7""",110mm,PL,FF,,,,No,N/A,1960's,,,
,,60mm Macro,2.9,"11""",3.3 lbs,"4.8""",110mm,PL,FF,,,,No,N/A,1960's,,,
,,80mm,1.5,"1' 10""",3.7 lbs,"3.6""",110mm,PL,FF,,,,No,N/A,1960's,,,
,,100mm Macro,2.9,"1' 5""",4.4 lbs,"6""",110mm,PL,FF,,,,No,N/A,1960's,,,
,,135mm,2.9,"3' 4""",3.4 lbs,"4.8""",110mm,PL,FF,,,,No,N/A,1960's,,,
,,,,,,,,,,,,,,,,,,
,,Focal Length,T-Stop,Close Focus,Weight (lbs),Length (in),Front Diameter (mm),Mount,Image Circle (mm),Film Compatibility,Iris Blade Count,Extender,LDS,Support Post Length (mm),Manufacture Year,Notes,,
Leitz,Zero Optik Leica R,19mm,3,1',2 lbs,"2.71""",95mm,PL,FF,,,,No,N/A,1960's,,,
,,24mm,3,1',1.5 lbs,"2.12""",95mm,PL,FF,,,,No,N/A,1960's,,,
,,28mm,3.1,1',2 lbs,"2.68""",95mm,PL,FF,,,,No,N/A,1960's,,,
,,35mm,1.6,"1' 8""",2.5 lbs,"3.34""",95mm,PL,FF,,,,No,N/A,1960's,,,
,,50mm,1.5,1',2.5 lbs,"3.34""",95mm,PL,FF,,,,No,N/A,1960's,,,
,,60mm Macro,2.9,"10.5""",2.5 lbs,"4.7""",95mm,PL,FF,,,,No,N/A,1960's,,,
,,80mm,1.6,"1' 8""",2.5 lbs,"4.25""",95mm,PL,FF,,,,No,N/A,1960's,,,
,,90mm,2.1,2',2.5 lbs,"4.23""",95mm,PL,FF,,,,No,N/A,1960's,,,
,,100mm Macro,2.9,"17""",3.0 lbs,"6.24""",95mm,PL,FF,,,,No,N/A,1960's,,,
,,135mm,2.9,"2' 11""",3.0 lbs,"4.7""",95mm,PL,FF,,,,No,N/A,1960's,,,
,,,,,,,,,,,,,,,,,,
,,Focal Length,T-Stop,Close Focus,Weight (lbs),Length (in),Front Diameter (mm),Mount,Image Circle (mm),Film Compatibility,Iris Blade Count,Extender,LDS,Support Post Length (mm),Manufacture Year,Notes,,
Leitz,ELSIE,15mm,2.1,"1' 2""",,,,LPL,46.5mm,NO,,,,,2021,Not currently in inventory,,
,,18mm,2.1,"1' 2""",5.3 lbs,"6.3""",114mm,LPL,46.5mm,NO,15,,,,2021,Not currently in inventory,,
,,21mm,2.1,"1' 2""",5.3 lbs,"6.3""",114mm,LPL,46.5mm,NO,15,,,,2021,Not currently in inventory,,
,,25mm,2.1,"1' 2""",4.4 lbs,"6.3""",95mm,LPL,46.5mm,NO,15,,,,2021,Not currently in inventory,,
,,29mm,2.1,"1' 2""",4.8 lbs,"6.3""",95mm,LPL,46.5mm,NO,15,,,,2021,Not currently in inventory,,
,,35mm,2.1,"1' 2""",4.8 lbs,"6.3""",95mm,LPL,46.5mm,NO,15,,,,2021,Not currently in inventory,,
,,40mm,2.1,"1' 2""",4.8 lbs,"6.3""",95mm,LPL,46.5mm,NO,15,,,,2021,Not currently in inventory,,
,,50mm,2.1,"1' 8""",4.4 lbs,"6.3""",95mm,LPL,46.5mm,NO,15,,,,2021,Not currently in inventory,,
,,65mm,2.1,"2' 2""",4.4 lbs,"6.3""",95mm,LPL,46.5mm,NO,,,,,2021,Not currently in inventory,,
,,75mm,2.1,"2' 6""",4.6 lbs,"6.3""",95mm,LPL,46.5mm,NO,13,,,,2021,Not currently in inventory,,
,,100mm,2.1,"2' 10""",4.6 lbs,"6.3""",95mm,LPL,46.5mm,NO,13,,,,2021,Not currently in inventory,,
,,125mm,2.1,"4' 2""",5.5 lbs,"6.3""",114mm,LPL,46.5mm,NO,,,,,2021,Not currently in inventory,,
,,150mm,,5',,,,LPL,46.5mm,NO,,,,,2021,Not currently in inventory,,
,,,,,,,,,,,,,,,,,,
,,Focal Length,T-Stop,Close Focus,Weight (lbs),Length (in),Front Diameter (mm),Mount,Image Circle (mm),Film Compatibility,Iris Blade Count,Extender,LDS,Support Post Length (mm),Manufacture Year,Notes,,
Leitz,HUGO,18mm,1.5,"9""",2.29 lbs,"2.8""",95mm,LPL,43.3mm,NO,11,None,N/A,N/A,2022,,,
,,21mm,1.5,1',1.85 lbs,"2.7""",95mm,LPL,43.3mm,NO,11,None,N/A,N/A,2022,NOTE all Hegos require special mount for use on Sony Venice cameras. Our HUGO's are LPL. Manufacturer also making PL and M Mount's for these lenses.,,
,,24mm,1.5,1',1.9 lbs,"2.7""",95mm,LPL,43.3mm,NO,11,None,N/A,N/A,2022,These lenses require specific LPL Mounts depending on the camera.,,
,,28mm,1.5,"1' 2""",1.83 lbs,"2.7""",95mm,LPL,43.3mm,NO,11,None,N/A,N/A,2022,https://www.leitz-cine.com/product/hugo,,
,,35mm,1.5,"1' 2""",1.78 lbs,"2.7""",95mm,LPL,43.3mm,NO,11,None,N/A,N/A,2022,HUGO's do NOT work with V-Raptor XL or ALEXA LF. Also do not work with any extenders at the moment due to rear element length.,,
,,50mm,1.5,"1' 8""",1.9 lbs,"2.7""",95mm,LPL,43.3mm,NO,11,None,N/A,N/A,2022,,,
,,50mm -N,1,"1' 8""",2.45 lbs,"3.2""",95mm,LPL,43.3mm,NO,11,None,N/A,N/A,2022,Noctilux,,
,,66mm,2.1,2',1.81 lbs,"3.2""",95mm,LPL,43.3mm,NO,11,None,N/A,N/A,2024,,,
,,75mm,1.5,"2' 6""",3.2 lbs,"4.4""",95mm,LPL,43.3mm,NO,11,None,N/A,N/A,2022,,,
,,75mm,2.1,"2' 6""",1.98 lbs,"3.2""",95mm,LPL,43.3mm,NO,11,None,N/A,N/A,2024,,,
,,90mm,1.5,"2' 10""",3.04 lbs,"4.4""",95mm,LPL,43.3mm,NO,11,None,N/A,N/A,2024,,,
,,90mm,2.1,"2' 10""",2 lbs,"3.2""",95mm,LPL,43.3mm,NO,11,None,N/A,N/A,2023,,,
,,135mm,1.9,"3' 3""",1.59 lbs,"4.7""",95mm,LPL,43.3mm,NO,11,None,N/A,N/A,,,,
,,,,,,,,,,,,,,,,,,
,,Focal Length,T-Stop,Close Focus,Weight (lbs),Length (in),Front Diameter (mm),Mount,Image Circle (mm),Film Compatibility,Iris Blade Count,Extender,LDS,Support Post Length (mm),Manufacture Year,Notes,,
Leitz,Leitz Prime,18mm,1.8,"1' 2""",7.1 lbs,"7.9""",114mm,PL,46.5mm,,15,,No,N/A,2020,,,
,,21mm,1.8,"1' 10""",6.1 lbs,"7.2""",114mm,PL,46.5mm,,15,,No,N/A,2020,,,
,,25mm,1.8,"1' 10""",6.2 lbs,"7.2""",114mm,PL,46.5mm,,15,,No,N/A,2020,,,
,,29mm,1.8,"1' 2""",5.9 lbs,"7.2""",114mm,PL,46.5mm,,15,,No,N/A,2020,,,
,,35mm,1.8,"1' 6""",6.3 lbs,"7.2""",114mm,PL,46.5mm,,15,,No,30.75mm,2020,,,
,,40mm,1.8,"1' 2""",6.0 lbs,"7.2""",114mm,PL,46.5mm,,15,,No,N/A,2020,,,
,,50mm,1.8,"1' 7""",6.0 lbs,"7.2""",114mm,PL,46.5mm,,15,,No,N/A,2020,,,
,,65mm,1.8,"2' 2""",6.1 lbs,"7.2""",114mm,PL,46.5mm,,15,,No,30.75mm,2020,,,
,,75mm,1.8,"2' 6""",6.2 lbs,"7.2""",114mm,PL,46.5mm,,15,,No,N/A,2020,,,
,,100mm,1.8,"3' 11""",6.1 lbs,"7.2""",114mm,PL,46.5mm,,15,,No,N/A,2020,,,
,,135mm,1.8,"3' 11""",6.4 lbs,"7.2""",114mm,PL,46.5mm,,15,,No,N/A,2020,,,
,,180mm,2,"4' 11""",6.8 lbs,"7.9""",114mm,PL,46.5mm,,15,,No,N/A,2020,,,
,,,,,,,,,,,,,,,,,,
,,Focal Length,T-Stop,Close Focus,Weight (lbs),Length (in),Front Diameter (mm),Mount,Image Circle (mm),Film Compatibility,Iris Blade Count,Extender,LDS,Support Post Length (mm),Manufacture Year,Notes,,
Leitz,M 0.8,21mm,f/1.4,"2' 3""",1.1 lbs,"3.4""",80mm,M,43.3mm,NO,11,,No,N/A,2017,,,
,,24mm,f/1.4,"2' 3""",1.1 lbs,"3.4""",80mm,M,43.3mm,NO,11,,No,N/A,2017,,,
,,28mm,f/1.4,"2' 3""",1.1 lbs,"3.8""",80mm,M,43.3mm,NO,11,,No,N/A,2017,,,
,,35mm,f/1.4,"2' 3""",0.8 lbs,"2.9""",80mm,M,43.3mm,NO,11,,No,N/A,2017,,,
,,50mm,f/1.4,"2' 3""",1 lbs,"3""",80mm,M,43.3mm,NO,11,,No,N/A,2017,,,
,,50mm -N,f/0.95,"3' 3""",1.8 lbs,"3.9""",80mm,M,43.3mm,NO,11,,No,N/A,2017,Noctilux,,
,,75mm,f/2.0,"3' 3""",1.3 lbs,"3.4""",80mm,M,43.3mm,NO,11,,No,N/A,2017,,,
,,90mm,f/2.0,"3' 3""",1.3 lbs,"3.7""",80mm,M,43.3mm,NO,11,,No,N/A,2017,,,
,,,,,,,,,,,,,,,,,,
Leitz,Noctilux-M,50mm,0.95,"3' 4""",1.8 lbs,"3.5"" - 3.75""",80mm,M,43mm,NO,11,None,No,N/A,2010,Telescoping,,
,,,,,,,,,,NO,,,,,,,,
Leitz,Summilux-M,21mm,1.4,"2' 6""",1 lb,"3""",80mm,M,43mm,NO,11,None,No,N/A,2016,Will not fit on Red DSMC1,,
,,24mm,1.4,"2' 6""",1 lb,"3""",80mm,M,43mm,NO,11,None,No,N/A,2016,,,
,,28mm,1.4,"2' 6""",1 lb,"2.8""",80mm,M,43mm,NO,11,None,No,N/A,2016,,,
,,35mm,1.4,"2' 6""",0.8 lbs,"2.5""",80mm,M,43mm,NO,9,None,No,N/A,2016,,,
,,,,,,,,,,,,,,,,,,
,,Focal Length,T-Stop,Close Focus,Weight (lbs),Length (in),Front Diameter (mm),Mount,Image Circle (mm),Film Compatibility,Iris Blade Count,Extender,LDS,Support Post Length (mm),Manufacture Year,Notes,,
Leitz,Thalia,24mm,3.6,"1' 4""",3.13 lbs,"4.9""",95mm,PL / XPL,60mm,,15,"IBE 1.4X, IBE 2X, Ang 1.4X, Ang 2X, Century 2X, Optex 2X",No,N/A,,,,
,,30mm,2.9,"1' 8""",3.3 lbs,"5.2""",95mm,PL / XPL,60mm,,15,"IBE 1.4X, IBE 2X, Ang 1.4X, Ang 2X, Century 2X, Optex 2X",No,N/A,2017,,,
,,35mm,2.6,"1' 10""",3.1lbs,"5.2""",95mm,PL / XPL,60mm,,15,"IBE 1.4X, IBE 2X, Ang 1.4X, Ang 2X, Century 2X, Optex 2X",No,N/A,2017,,,
,,45mm,2.9,2',3.2 lbs,"5.2""",95mm,PL / XPL,60mm,,15,"IBE 1.4X, IBE 2X, Ang 1.4X, Ang 2X, Century 2X, Optex 2X",No,N/A,2017,,,
,,55mm,2.8,"2' 4""",3.61 lbs,"6.1""",95mm,PL / XPL,60mm,,15,"IBE 1.4X, IBE 2X, Ang 1.4X, Ang 2X, Century 2X, Optex 2X",No,N/A,,,,
,,70mm,2.6,"1' 8""",2.3 lbs,"4.9""",95mm,PL / XPL,60mm,,15,"IBE 1.4X, IBE 2X, Ang 1.4X, Ang 2X, Century 2X, Optex 2X",No,N/A,2017,,,
,,90mm -T,2.2,3',2.3 lbs,"4.9""",95mm,PL / XPL,60mm,,15,"IBE 1.4X, IBE 2X, Ang 1.4X, Ang 2X, Century 2X, Optex 2X",No,N/A,,"This is a specialty lens that does not match the rest of the set. This is more of a portrait style lens, and exhibits unique effects from the rest of the set.",,
,,100mm,2.2,"2' 4""",2.6 lbs,"4.9""",95mm,PL / XPL,60mm,,15,"IBE 1.4X, IBE 2X, Ang 1.4X, Ang 2X, Century 2X, Optex 2X",No,N/A,2017,,,
,,120mm,2.6,"1' 10""",3.66 lbs,"6.9""",95mm,PL / XPL,60mm,,15,"IBE 1.4X, IBE 2X, Ang 1.4X, Ang 2X, Century 2X, Optex 2X",No,N/A,,,,
,,180mm,3.6,5',3.6 lbs,"6.1""",95mm,PL / XPL,60mm,,15,"IBE 1.4X, IBE 2X, Ang 1.4X, Ang 2X, Century 2X, Optex 2X",No,N/A,2017,,,
,,,,,,,,,,,,,,,,,,
,,Focal Length,T-Stop,Close Focus,Weight (lbs),Length (in),Front Diameter (mm),Mount,Image Circle (mm),Film Compatibility,Iris Blade Count,Extender,LDS,Support Post Length (mm),Manufacture Year,Notes,,
MasterBuilt,Anastigmat,160mm,1.8,"55""",4.2 lbs,,114mm,LPL,,,,,No,,2021,,,
,,,,,,,,,,,,,,,,,,
,,Focal Length,T-Stop,Close Focus,Weight (lbs),Length (in),Front Diameter (mm),Mount,Image Circle (mm),Film Compatibility,Iris Blade Count,Extender,LDS,Support Post Length (mm),Manufacture Year,Notes,,
MasterBuilt,Classic,18mm,1.4,18”,5.6 lbs,6.5”,114mm,PL,52mm,,9,"IBE 1.4X, IBE 2X",No,N/A,2020,,,
,,25mm,1.4,14”,4.6 lbs,5.5”,114mm,PL,52mm,,9,"IBE 1.4X, IBE 2X",No,N/A,2020,,,
,,28mm,1.4,"14""",4.7 lbs,,114mm,PL,52mm,,9,"IBE 1.4X, IBE 2X",No,N/A,2021,,,
,,35mm,1.4,16”,4.2 lbs,5.25”,114mm,PL,52mm,,9,"IBE 1.4X, IBE 2X",No,N/A,2020,,,
,,40mm,1.4,"18""",4.95 lbs,,114mm,PL,52mm,,9,"IBE 1.4X, IBE 2X",No,N/A,2021,,,
,,50mm,1.4,19”,4.6 lbs,5.25”,114mm,PL,56mm,,9,"IBE 1.4X, IBE 2X",No,N/A,2020,,,
,,65mm,1.4,"28""",5.05 lbs,"6.3""",114mm,PL,56mm,,9,"IBE 1.4X, IBE 2X",No,N/A,2021,,,
,,85mm,1.4,3’3”,4.6 lbs,5.25”,114mm,PL,56mm,,9,"IBE 1.4X, IBE 2X",No,N/A,2020,,,
,,105mm,1.4,3’9”,5.6 lbs,5.75”,114mm,PL,56mm,,9,"IBE 1.4X, IBE 2X",No,N/A,2020,,,
,,135mm,1.4,"4'9""",6 lbs,"6.75""",114mm,PL,56mm,,9,"IBE 1.4X, IBE 2X",No,N/A,2020,,,
,,,,,,,,,,,,,,,,,,
,,Focal Length,T-Stop,Close Focus,Weight (lbs),Length (in),Front Diameter (mm),Mount,Image Circle (mm),Film Compatibility,Iris Blade Count,Extender,LDS,Support Post Length (mm),Manufacture Year,Notes,,
MasterBuilt,Portait,32mm,1.4,"17""",4.2 lbs,5.25”,114mm,PL,56mm,,9,"IBE 1.4X, IBE 2X",No,N/A,2021,,,
,,55mm,1.4,"12""",4.6 lbs,5.25”,114mm,PL,56mm,,9,"IBE 1.4X, IBE 2X",No,N/A,2021,,,
,,100mm,1.4,"14""",5.6 lbs,5.75”,114mm,PL,56mm,,9,"IBE 1.4X, IBE 2X",No,N/A,2021,,,
,,,,,,,,,,,,,,,,,,
,,Focal Length,T-Stop,Close Focus,Weight (lbs),Length (in),Front Diameter (mm),Mount,Image Circle (mm),Film Compatibility,Iris Blade Count,Extender,LDS,Support Post Length (mm),Manufacture Year,Notes,,
MasterBuilt,Soft Flare,18mm,1.4,17”,5.6 lbs,6.5”,114mm,PL,52mm,,9,"IBE 1.4X, IBE 2X",No,N/A,2021,,,
,,25mm,1.4,12”,4.7 lbs,5.5”,114mm,PL,52mm,,9,"IBE 1.4X, IBE 2X",No,N/A,2021,,,
,,28mm,1.4,"14""",4.7 lbs,,114mm,PL,52mm,,9,"IBE 1.4X, IBE 2X",No,N/A,2021,,,
,,35mm,1.4,14”,4.2 lbs,5.25”,114mm,PL,52mm,,9,"IBE 1.4X, IBE 2X",No,N/A,2021,,,
,,40mm,1.4,"16""",4.95 lbs,,114mm,PL,52mm,,9,"IBE 1.4X, IBE 2X",No,N/A,2021,,,
,,50mm,1.4,16”,4.6 lbs,5.25”,114mm,PL,56mm,,9,"IBE 1.4X, IBE 2X",No,N/A,2021,,,
,,65mm,1.4,"27""",5.05 lbs,"6.3""",114mm,PL,56mm,,9,"IBE 1.4X, IBE 2X",No,N/A,2021,,,
,,85mm,1.4,3',4.6 lbs,5.25”,114mm,PL,56mm,,9,"IBE 1.4X, IBE 2X",No,N/A,2021,,,
,,105mm,1.4,3’ 9”,5.6 lbs,5.75”,114mm,PL,56mm,,9,"IBE 1.4X, IBE 2X",No,N/A,2021,,,
,,135mm,1.4,"3' 10""",6 lbs,"6.75""",114mm,PL,56mm,,9,"IBE 1.4X, IBE 2X",No,N/A,2021,,,
,,,,,,,,,,,,,,,,,,
,,Focal Length,T-Stop,Close Focus,Weight (lbs),Length (in),Front Diameter (mm),Mount,Image Circle (mm),Film Compatibility,Iris Blade Count,Extender,LDS,Support Post Length (mm),Manufacture Year,Notes,,
MasterBuilt,Super Wide,14.5mm,1.9,"10""",3.6 lbs,,136mm,PL,FF,,,,No,N/A,2021,,,
,,,,,,,,,,,,,,,,,,
,,Focal Length,T-Stop,Close Focus,Weight (lbs),Length (in),Front Diameter (mm),Mount,Image Circle (mm),Film Compatibility,Iris Blade Count,Extender,LDS,Support Post Length (mm),Manufacture Year,Notes,,
MasterBuilt,Superscope,13mm,2.7,"7""",3.3 lbs,"4.01""",136mm,PL,FF,,,,No,N/A,2023,Not currently in inventory,,
,,19mm,1.4,"13""",3.5 lbs,"4.7""",136mm,PL,FF,,,,No,N/A,2023,Not currently in inventory,,
,,24mm,1.4,"12""",3.3 lbs,"4.5""",136mm,PL,FF,,,,No,N/A,2023,Not currently in inventory,,
,,35mm,1.4,"12""",3.3 lbs,"4.5""",136mm,PL,FF,,,,No,N/A,2023,Not currently in inventory,,
,,50mm,1.4,"18""",3.1 lbs,"4.5""",136mm,PL,FF,,,,No,N/A,2023,Not currently in inventory,,
,,80mm,1.4,"3' 4""",3.7 lbs,"4.7""",136mm,PL,FF,,,,No,N/A,2023,Not currently in inventory,,
,,110mm,1.4,"3' 11""",5.9 lbs,"5.9""",136mm,PL,FF,,,,No,N/A,2023,Not currently in inventory,,
,,140mm,2,"3' 4""",3.9 lbs,"5.4""",136mm,PL,FF,,,,No,N/A,2023,Not currently in inventory,,
,,,,,,,,,,,,,,,,,,
,,Focal Length,T-Stop,Close Focus,Weight (lbs),Length (in),Front Diameter (mm),Mount,Image Circle (mm),Film Compatibility,Iris Blade Count,Extender,LDS,Support Post Length (mm),Manufacture Year,Notes,,
Minolta,ROKKOR Ancient Optics,17mm,T4.1,"11""",1.82 lbs,"2.75""",110mm,PL,FF+,,15,,No,N/A,1960's,,,
,,21mm,T2.9,"11""",2.53 lbs,"3""",110mm,PL,FF+,,15,,No,N/A,1960's,,,
,,24mm,T2.9,"13""",2.20 lbs,"2.5""",110mm,PL,FF+,,15,,No,N/A,1960's,,,
,,28mm,T2.1,"13""",2.53 lbs,"3""",110mm,PL,FF+,,15,,No,N/A,1960's,,,
,,35mm,T1.9,"9""",2.97 lbs,"3.75""",110mm,PL,FF+,,15,,No,N/A,1960's,,,
,,45mm,T1.9,"18""",2.31 lbs,"3.5""",110mm,PL,FF+,,15,,No,N/A,1960's,Not currently in inventory,,
,,50mm,T1.3,"17""",2.53 lbs,,110mm,PL,FF+,,15,,No,N/A,1960's,Not currently in inventory,,
,,58mm,T1.3,"15""",3.19 lbs,,110mm,PL,FF+,,15,,No,N/A,1960's,Not currently in inventory,,
,,85mm,T1.8,"2' 6""",2.97 lbs,"3.75""",110mm,PL,FF+,,15,,No,N/A,1960's,,,
,,100mm,T2.1,"3' 3""",2.97 lbs,"3.75""",110mm,PL,FF+,,15,,No,N/A,1960's,,,
,,135mm,T2.1,"4' 9""",3.74 lbs,"4.5""",110mm,PL,FF+,,15,,No,N/A,1960's,Not currently in inventory,,
,,200mm,T2.9,"5' 3""",4.51 lbs,"6.75""",110mm,PL,FF+,,15,,No,N/A,1960's,,,
,,,,,,,,,,,,,,,,,,
,,Focal Length,T-Stop,Close Focus,Weight (lbs),Length (in),Front Diameter (mm),Mount,Image Circle (mm),Film Compatibility,Iris Blade Count,Extender,LDS,Support Post Length (mm),Manufacture Year,Notes,,
PENTAX,Super Takumar Zero Optik Rehoused,25mm,2.3,"8.5""",4.63 lbs,,136mm,PL,FF,,,,No,N/A,1960's,Not currently in inventory,,
,,35mm,2.2,"9.5""",1.60 lbs,,95mm,PL,FF,,,,No,N/A,1960's,Not currently in inventory,,
,,50mm,1.7,"1' 4""",1.54 lbs,,95mm,PL,FF,,,,No,N/A,1960's,Not currently in inventory,,
,,85mm,2.1,"2' 10""",2.03 lbs,,95mm,PL,FF,,,,No,N/A,1960's,Not currently in inventory,,
,,105mm,2.9,"2' 8""",1.96 lbs,,95mm,PL,FF,,,,No,N/A,1960's,Not currently in inventory,,
,,135mm,2.6,4',2.17 lbs,,95mm,PL,FF,,,,No,N/A,1960's,Not currently in inventory,,
,,,,,,,,,,,,,,,,,,
,,Focal Length,T-Stop,Close Focus,Weight (lbs),Length (in),Front Diameter (mm),Mount,Image Circle (mm),Film Compatibility,Iris Blade Count,Extender,LDS,Support Post Length (mm),Manufacture Year,Notes,,
Olympus,OM Zero Optik Rehoused,21mm,2.2,"8""",1.34 lbs,,95mm,PL,43mm,,,,No,N/A,1970,,,
,,24mm,2.2,"10""",1.63 lbs,,95mm,PL,43mm,,,,No,N/A,1970,,,
,,28mm,2.2,"12""",1.57 lbs,,95mm,PL,43mm,,,,No,N/A,1970,,,
,,35mm,2.2,"9""",1.43 lbs,,95mm,PL,43mm,,,,No,N/A,1970,,,
,,40mm,2.2,"11""",1.34 lbs,,95mm,PL,43mm,,,,No,N/A,1970,,,
,,50mm,1.3,"11""",1.8 lbs,,95mm,PL,43mm,,,,No,N/A,1970,,,
,,60mm,1.7,"1' 2""",1.76 lbs,,95mm,PL,43mm,,,,No,N/A,1970,,,
,,85mm,2.1,"2' 11""",2.09,,95mm,PL,43mm,,,,No,N/A,1970,,,
,,85mm,2.2,"2' 11""",2.07 lbs,"5""",95mm,PL,43mm,,,,No,N/A,1970,,,
,,100mm,2.1,"2' 4""",2.53 lbs,"5.25""",95mm,PL,43mm,,,,No,N/A,1970,,,
,,135mm,2.9,"2' 11""",2.25 lbs,,95mm,PL,43mm,,,,No,N/A,1970,,,
,,180mm,2.9,"4' 10""",3.66 lbs,,95mm,PL,43mm,,,,No,N/A,1970,,,
,,,,,,,,,,,,,,,,,,
,,Focal Length,T-Stop,Close Focus,Weight (lbs),Length (in),Front Diameter (mm),Mount,Image Circle (mm),Film Compatibility,Iris Blade Count,Extender,LDS,Support Post Length (mm),Manufacture Year,Notes,,
Richard Gale Optics,Clavius,28mm,T2,"15""",2.75 lbs,"5""",95mm,PL,FF,,,,No,N/A,,Lenses available with special water stops and colored elements for customization,,
,,38mm,T2,"13""",2.5 lbs,"4.6""",95mm,PL,FF,,,,No,N/A,,,,
,,58mm,T2,"20""",2 lbs,"4.6""",95mm,PL,FF,,,,No,N/A,,,,
,,88mm,T2,"40""",2.75 lbs,"4.6""",95mm,PL,FF,,,,No,N/A,,,,
,,,,,,,,,,,,,,,,,,
,,Focal Length,T-Stop,Close Focus,Weight (lbs),Length (in),Front Diameter (mm),Mount,Image Circle (mm),Film Compatibility,Iris Blade Count,Extender,LDS,Support Post Length (mm),Manufacture Year,Notes,,
Sigma,"FF High Speed Prime
(Regular)",14mm,2,11”,2.8 lbs,4.4”,95mm,PL,43.3mm,,9,"IBE 1.4X, IBE 2X",Yes (4pin Lemo),Attached to lens (mini rods),2018,,,
,,20mm,1.5,"11""",2.6 lbs,"4.3""",95mm,PL,43.3mm,,9,"IBE 1.4X, IBE 2X",Yes (4pin Lemo),Attached to lens (mini rods),2018,,,
,,24mm,1.5,10”,2.2 lbs,3.4”,95mm,PL,43.3mm,,9,"IBE 1.4X, IBE 2X",Yes (4pin Lemo),Attached to lens (mini rods),2018,,,
,,28mm,1.5,"12""",2.75 lbs,"3.9""",95mm,PL,43.3mm,,9,"IBE 1.4X, IBE 2X",Yes (4pin Lemo),Attached to lens (mini rods),2018,,,
,,35mm,1.5,1’,2.2 lbs,3.4”,95mm,PL,43.3mm,,9,"IBE 1.4X, IBE 2X",Yes (4pin Lemo),Attached to lens (mini rods),2018,,,
,,40mm,1.5,"1' 4""",3.22 lbs,"4.8""",95mm,PL,43.3mm,,9,"IBE 1.4X, IBE 2X",Yes (4pin Lemo),Attached to lens (mini rods),2018,,,
,,50mm,1.5,1’ 4”,2.6 lbs,3.7”,95mm,PL,43.3mm,,9,"IBE 1.4X, IBE 2X",Yes (4pin Lemo),Attached to lens (mini rods),2018,,,
,,65mm,1.5,"2' 2""",4.38 lbs,"4.7""",95mm,PL,43.3mm,,9,"IBE 1.4X, IBE 2X",Yes (4pin Lemo),Attached to lens (mini rods),2022,Not currently in inventory,,
,,85mm,1.5,2’ 10”,3 lbs,4.7”,95mm,PL,43.3mm,,9,"IBE 1.4X, IBE 2X",Yes (4pin Lemo),Attached to lens (mini rods),2018,,,
,,105mm,1.5,"3' 4""",3.72,"5""",95mm,PL,43.3mm,,9,"IBE 1.4X, IBE 2X",Yes (4pin Lemo),Attached to lens (mini rods),2018,,,
,,135mm,2,2’ 11”,3.1 lbs,4.2”,95mm,PL,43.3mm,,9,"IBE 1.4X, IBE 2X",Yes (4pin Lemo),Attached to lens (mini rods),2018,,,
,,,,,,,,,,,,,,,,,,
,,Focal Length,T-Stop,Close Focus,Weight (lbs),Length (in),Front Diameter (mm),Mount,Image Circle (mm),Film Compatibility,Iris Blade Count,Extender,LDS,Support Post Length (mm),Manufacture Year,Notes,,
Sigma,"FF High Speed Prime
(Classic)",14mm,3.2,11”,2.8 lbs,4.4”,95mm,PL,43.3mm,,9,"IBE 1.4X, IBE 2X",Yes (4pin Lemo),Attached to lens (mini rods),2018,,,
,,20mm,2.5,"11""",2.6 lbs,"4.3""",95mm,PL,43.3mm,,9,"IBE 1.4X, IBE 2X",Yes (4pin Lemo),Attached to lens (mini rods),2018,,,
,,24mm,2.5,10”,2.2 lbs,3.4”,95mm,PL,43.3mm,,9,"IBE 1.4X, IBE 2X",Yes (4pin Lemo),Attached to lens (mini rods),2018,,,
,,28mm,2.5,"12""",2.75 lbs,"3.9""",95mm,PL,43.3mm,,9,"IBE 1.4X, IBE 2X",Yes (4pin Lemo),Attached to lens (mini rods),2018,,,
,,35mm,2.5,1’,2.2 lbs,3.4”,95mm,PL,43.3mm,,9,"IBE 1.4X, IBE 2X",Yes (4pin Lemo),Attached to lens (mini rods),2018,,,
,,40mm,2.5,"1' 4""",3.22 lbs,"4.8""",95mm,PL,43.3mm,,9,"IBE 1.4X, IBE 2X",Yes (4pin Lemo),Attached to lens (mini rods),2018,,,
,,50mm,2.5,1’ 4”,2.6 lbs,3.7”,95mm,PL,43.3mm,,9,"IBE 1.4X, IBE 2X",Yes (4pin Lemo),Attached to lens (mini rods),2018,,,
,,65mm,2.5,"2' 2""",4.38 lbs,"4.7""",95mm,PL,43.3mm,,9,"IBE 1.4X, IBE 2X",Yes (4pin Lemo),Attached to lens (mini rods),2022,Not currently in inventory,,
,,85mm,2.5,2’ 10”,3 lbs,4.7”,95mm,PL,43.3mm,,9,"IBE 1.4X, IBE 2X",Yes (4pin Lemo),Attached to lens (mini rods),2018,,,
,,105mm,2.5,"3' 4""",3.72,"5""",95mm,PL,43.3mm,,9,"IBE 1.4X, IBE 2X",Yes (4pin Lemo),Attached to lens (mini rods),2018,,,
,,135mm,3.2,2’ 11”,3.1 lbs,4.2”,95mm,PL,43.3mm,,9,"IBE 1.4X, IBE 2X",Yes (4pin Lemo),Attached to lens (mini rods),2018,,,
,,,,,,,,,,,,,,,,,,
,,Focal Length,T-Stop,Close Focus,Weight (lbs),Length (in),Front Diameter (mm),Mount,Image Circle (mm),Film Compatibility,Iris Blade Count,Extender,LDS,Support Post Length (mm),Manufacture Year,Notes,,
,"Blackwing7
(Production, Binary & Skin Module)",17mm,1.9,,,,104mm,PL,53mm,,,,No,N/A,2024,*Some Blackwing7 Binaries are T1.8,,
Tribe,,20.7mm,1.9*,"7.5""",3.6 lbs,4.5”,104mm,PL,53mm,,14,,No,N/A,2020,,,
,,23.7mm,1.9,"14""",3.25 lbs,"4.5""",104mm,PL,53mm,,14,,No,N/A,2020,,,
,,27mm,1.9*,"13""",3.6 lbs,4.5”,104mm,PL,53mm,,14,,No,N/A,2020,,,
,,37mm,1.9*,18”,3.4 lbs,4.5”,104mm,PL,57mm,,14,,No,N/A,2020,,,
,,47mm,1.9*,17.5”,3.2 lbs,4.5”,104mm,PL,57mm,,14,,No,N/A,2020,,,
,,57mm,1.9*,19”,3.5 lbs,4.5”,104mm,PL,60mm,,14,,No,N/A,2020,,,
,,77mm,1.9*,26”,3.0 lbs,4.5”,104mm,PL,60mm,,14,,No,N/A,2020,,,
,,107mm,1.9*,29”,3.2 lbs,4.5”,104mm,PL,62mm,,14,,No,N/A,2020,,,
,,137mm,1.9*,32”,3.2 lbs,4.5”,104mm,PL,62mm,,14,,No,N/A,2020,,,
,,,,,,,,,,,,,,,,,,
,,Focal Length,T-Stop,Close Focus,Weight (lbs),Length (in),Front Diameter (mm),Mount,Image Circle (mm),Film Compatibility,Iris Blade Count,Extender,LDS,Support Post Length (mm),Manufacture Year,Notes,,
Tokina,Vista Primes,18mm,1.5,"17.7""",6.19 lbs,"7.17""",114mm,PL,46.7mm,,9,,No,N/A,2019,Not currently in inventory,,
,,21mm,1.5,"14""",5.42 lbs,"6.4""",114mm,PL,46.7mm,,9,,No,N/A,2019,Not currently in inventory,,
,,25mm,1.5,"13.8""",5.11 lbs,"5.55""",114mm,PL,46.7mm,,9,,No,N/A,2019,Not currently in inventory,,
,,29mm,1.5,"14""",5.25 lbs,"6.5""",114mm,PL,46.7mm,,9,,No,N/A,2019,Not currently in inventory,,
,,35mm,1.5,"16""",4.59 lbs,"5.15""",114mm,PL,46.7mm,,9,,No,N/A,2019,Not currently in inventory,,
,,40mm,1.5,"17.7""",5.22 lbs,"4.48""",114mm,PL,46.7mm,,9,,No,N/A,2019,Not currently in inventory,,
,,50mm,1.5,"19""",4.94 lbs,"5.71""",114mm,PL,46.7mm,,9,,No,N/A,2019,Not currently in inventory,,
,,65mm,1.5,"2' 3""",5.34 lbs,"6.3""",114mm,PL,46.7mm,,9,,No,N/A,2019,Not currently in inventory,,
,,85mm,1.5,"37.5""",5.05 lbs,"5.7""",114mm,PL,46.7mm,,9,,No,N/A,2019,Not currently in inventory,,
,,100mm Macro,2.9,"11.9""",2.88 lbs,"5.83""",95mm,PL,46.7mm,,9,,No,N/A,2024,Not currently in inventory,,
,,105mm,1.5,"3' 9""",5.93 lbs,"6.34""",114mm,PL,46.7mm,,9,,No,N/A,2019,Not currently in inventory,,
,,135mm,1.5,"4' 7""",6.88 lbs,"7.36""",114mm,PL,46.7mm,,9,,No,N/A,2019,Not currently in inventory,,
,,180mm,1.9,"4' 11""",7.47 lbs,"7.7""",114mm,PL,46.7mm,,9,,No,N/A,2022,Not currently in inventory,,
,,,,,,,,,,,,,,,,,,
,,Focal Length,T-Stop,Close Focus,Weight (lbs),Length (in),Front Diameter (mm),Mount,Image Circle (mm),Film Compatibility,Iris Blade Count,Extender,LDS,Support Post Length (mm),Manufacture Year,Notes,,
Tokina,Vista ONE Primes,18mm,1.5,"17.7""",6.19 lbs,"7.17""",114mm,PL,46.7mm,,9,,No,N/A,2019,Single coated version of the Vista Primes,,
,,21mm,1.5,"14""",5.42 lbs,"6.4""",114mm,PL,46.7mm,,9,,No,N/A,2019,,,
,,25mm,1.5,"13.8""",5.11 lbs,"5.55""",114mm,PL,46.7mm,,9,,No,N/A,2019,,,
,,29mm,1.5,"14""",5.25 lbs,"6.5""",114mm,PL,46.7mm,,9,,No,N/A,2019,,,
,,35mm,1.5,"16""",4.59 lbs,"5.15""",114mm,PL,46.7mm,,9,,No,N/A,2019,,,
,,40mm,1.5,"17.7""",5.22 lbs,"4.48""",114mm,PL,46.7mm,,9,,No,N/A,2019,,,
,,50mm,1.5,"19""",4.94 lbs,"5.71""",114mm,PL,46.7mm,,9,,No,N/A,2019,,,
,,65mm,1.5,"2' 3""",5.34 lbs,"6.3""",114mm,PL,46.7mm,,9,,No,N/A,2019,,,
,,85mm,1.5,"37.5""",5.05 lbs,"5.7""",114mm,PL,46.7mm,,9,,No,N/A,2019,,,
,,105mm,1.5,"3' 9""",5.93 lbs,"6.34""",114mm,PL,46.7mm,,9,,No,N/A,2019,,,
,,135mm,1.5,"4' 7""",6.88 lbs,"7.36""",114mm,PL,46.7mm,,9,,No,N/A,2019,,,
,,180mm,1.9,"4' 11""",7.47 lbs,"7.7""",114mm,PL,46.7mm,,9,,No,N/A,2022,,,
,,,,,,,,,,,,,,,,,,
,,Focal Length,T-Stop,Close Focus,Weight (lbs),Length (in),Front Diameter (mm),Mount,Image Circle (mm),Film Compatibility,Iris Blade Count,Extender,LDS,Support Post Length (mm),Manufacture Year,Notes,,
Vantage,Hawk MHX Primes,24mm,1.9,"2""",5.5 lbs,"5.59""",156,LPL,46mm,NO,,,No,N/A,2023,These focal lengths are anamorphic equivilent. Divide the number by 1.5 for the actual spherical number,,
,,28mm,1.9,"2""",6.2 lbs,"6.88""",136,LPL,46mm,NO,,,No,N/A,2023,,,
,,35mm,1.9,"2.5""",7.1 lbs,"7.99""",136,LPL,46.5mm,NO,,,No,N/A,2023,,,
,,45mm,1.9,"2""",6.2 lbs,"6.73""",136,LPL,47mm,NO,,,No,N/A,2023,,,
,,55mm,1.9,"2""",6.6 lbs,"7.16""",136,LPL,50.5mm,NO,,,No,N/A,2023,,,
,,65mm,1.9,"7""",4.6 lbs,"5.90""",120,LPL,50mm,NO,,,No,N/A,2023,,,
,,85mm,1.9,"11""",3.5 lbs,"5.51""",120,LPL,57.5mm,NO,,,No,N/A,2023,,,
,,105mm,1.9,"1' 2""",3.7 lbs,"5.51""",120,LPL,60mm,NO,,,No,N/A,2023,,,
,,135mm,1.9,"1' 9""",4.2 lbs,"5.51""",120,LPL,60mm,NO,,,No,N/A,2023,,,
,,180mm,1.9,"2' 4""",6.6 lbs,"6.65""",120,LPL,60mm,NO,,,No,N/A,2023,,,
,,,,,,,,,,,,,,,,,,
,,Focal Length,T-Stop,Close Focus,Weight (lbs),Length (in),Front Diameter (mm),Mount,Image Circle (mm),Film Compatibility,Iris Blade Count,Extender,LDS,Support Post Length (mm),Manufacture Year,Notes,,
Zeiss,Compact Prime (CP3),15mm,2.9,"12""",2 lbs,"3.3""",95mm,PL / EF,43.4mm,,14,,Yes,N/A,2017,Not currently in inventory,,
,,18mm,2.9,"12""",2 lbs,"3.3""",95mm,PL / EF,43.4mm,,14,,Yes,N/A,2017,,,
,,21mm,2.9,"10""",1.8 lbs,"3.3""",95mm,PL / EF,43.4mm,,14,,Yes,N/A,2017,,,
,,25mm,2.1,"10""",1.8 lbs,"3.3""",95mm,PL / EF,43.4mm,,14,,Yes,N/A,2017,Not currently in inventory,,
,,28mm,2.1,"10""",2 lbs,"3.3""",95mm,PL / EF,43.4mm,,14,,Yes,N/A,2017,Not currently in inventory,,
,,35mm,2.1,"12""",1.8 lbs,"3.3""",95mm,PL / EF,43.4mm,,14,,Yes,N/A,2017,Not currently in inventory,,
,,50mm,2.1,"18""",1.7 lbs,"3.3""",95mm,PL / EF,43.4mm,,14,,Yes,N/A,2017,Not currently in inventory,,
,,85mm,2.1,"3' 3""",2 lbs,"3.3""",95mm,PL / EF,43.4mm,,14,,Yes,N/A,2017,Not currently in inventory,,
,,100mm,2.1,"2' 6""",2.2 lbs,"5""",95mm,PL / EF,43.4mm,,14,,Yes,N/A,2017,Not currently in inventory,,
,,135mm,2.1,"3' 3""",2.5 lbs,"5""",95mm,PL / EF,43.4mm,,14,,Yes,N/A,2017,Not currently in inventory,,
,,,,,,,,,,,,,,,,,,
,,Focal Length,T-Stop,Close Focus,Weight (lbs),Length (in),Front Diameter (mm),Mount,Image Circle (mm),Film Compatibility,Iris Blade Count,Extender,LDS,Support Post Length (mm),Manufacture Year,Notes,,
Zeiss,Nano Prime,18mm,1.5,"9.8""",2.62 lbs,"4.4""",95mm,RF,43.4mm,NO,,,Yes,N/A,2024,Not currently in inventory - all lenses only available in RF mount at present. Will be available in additional mounts in the future.,,
,,24mm,1.5,"13.8""",1.93 lbs,"3.5""",95mm,RF,43.4mm,NO,,,Yes,N/A,2024,Not currently in inventory,,
,,35mm,1.5,"17.7""",1.92 lbs,"3.5""",95mm,RF,43.4mm,NO,,,Yes,N/A,2024,Not currently in inventory,,
,,50mm,1.5,"19.7""",2.04 lbs,"3.5""",95mm,RF,43.4mm,NO,,,Yes,N/A,2024,Not currently in inventory,,
,,75mm,1.5,"29.5""",2.48 lbs,"4.4""",95mm,RF,43.4mm,NO,,,Yes,N/A,2024,Not currently in inventory,,
,,100mm,1.5,"39.4""",2.77 lbs,"4.4""",95mm,RF,43.4mm,NO,,,Yes,N/A,2024,Not currently in inventory,,
,,,,,,,,,,,,,,,,,,
,,Focal Length,T-Stop,Close Focus,Weight (lbs),Length (in),Front Diameter (mm),Mount,Image Circle (mm),Film Compatibility,Iris Blade Count,Extender,LDS,Support Post Length (mm),Manufacture Year,Notes,,
Zeiss,Supreme Prime,15mm,1.8,"14""",4.94 lbs,"5.9""",114mm,PL,46.3mm,,16,,Yes,N/A,2021 (tentative),,,
,,18mm,1.5,"14""",5 lbs,"6.4""",114mm,PL,46.3mm,,16,,Yes,N/A,2020,,,
,,21mm,1.5,"14""",3.54 lbs,"4.7""",95mm,PL,46.3mm,,16,,Yes,N/A,2019,,,
,,25mm,1.5,"10""",3.13 lbs,"4.7""",95mm,PL,46.3mm,,16,,Yes,N/A,2018,,,
,,29mm,1.5,"13""",3.55 lbs,"4.8""",95mm,PL,46.3mm,,16,,Yes,N/A,2018,,,
,,35mm,1.5,"13""",3.09 lbs,"4.7""",95mm,PL,46.3mm,,16,,Yes,N/A,2018,,,
,,40mm,1.5,"17""",3.28 lbs,"4.8""",95mm,PL,46.3mm,,16,,Yes,N/A,2020,,,
,,50mm,1.5,"18""",2.69 lbs,"4.7""",95mm,PL,46.3mm,,16,,Yes,N/A,2018,,,
,,65mm,1.5,2',3.59 lbs,"4.8""",95mm,PL,46.3mm,,16,,Yes,N/A,2019,,,
,,85mm,1.5,"2' 9""",3.13 lbs,"4.7""",95mm,PL,46.3mm,,16,,Yes,N/A,2018,,,
,,100mm,1.5,"3' 9""",3.74 lbs,"4.7""",95mm,PL,46.3mm,,16,,Yes,N/A,2018,,,
,,135mm,1.5,"4' 6""",5 lbs,"5.7""",114mm,PL,46.3mm,,16,,Yes,N/A,2019,,,
,,150mm,1.8,5',5 lbs,"5.7""",114mm,PL,46.3mm,,16,,Yes,N/A,2019,,,
,,200mm,2.1,"6' 6""",6.33 lbs,"7.2""",114mm,PL,46.3mm,,16,,Yes,N/A,2020,,,
,,,,,,,,,,,,,,,,,,
,,Focal Length,T-Stop,Close Focus,Weight (lbs),Length (in),Front Diameter (mm),Mount,Image Circle (mm),Film Compatibility,Iris Blade Count,Extender,LDS,Support Post Length (mm),Manufacture Year,Heden Motor Size,Notes,
Zeiss,Supreme Prime Radiance,18mm,1.5,"14""",5 lbs,"6.4""",114mm,PL,46.3mm,,16,,Yes,N/A,2021,N/A,,
,,21mm,1.5,"14""",3.54 lbs,"4.7""",95mm,PL,46.3mm,,16,,Yes,N/A,2019,N/A,,
,,25mm,1.5,"10""",3.13 lbs,"4.7""",95mm,PL,46.3mm,,16,,Yes,N/A,2019,N/A,,
,,29mm,1.5,"13""",3.55 lbs,"4.8""",95mm,PL,46.3mm,,16,,Yes,N/A,2019,N/A,,
,,35mm,1.5,"13""",3.09 lbs,"4.7""",95mm,PL,46.3mm,,16,,Yes,N/A,2019,N/A,,
,,40mm,1.5,"17""",3.28 lbs,"4.8""",95mm,PL,46.3mm,,16,,Yes,N/A,2021,N/A,,
,,50mm,1.5,"18""",2.69 lbs,"4.7""",95mm,PL,46.3mm,,16,,Yes,N/A,2019,N/A,,
,,65mm,1.5,2',3.59 lbs,"4.8""",95mm,PL,46.3mm,,16,,Yes,N/A,2021,N/A,,
,,85mm,1.5,"2' 9""",3.13 lbs,"4.7""",95mm,PL,46.3mm,,16,,Yes,N/A,2019,N/A,,
,,100mm,1.5,"3' 9""",3.74 lbs,"4.7""",95mm,PL,46.3mm,,16,,Yes,N/A,2019,N/A,,
,,135mm,1.5,"4' 6""",5 lbs,"5.7""",114mm,PL,46.3mm,,16,,Yes,N/A,2021,N/A,,
,,,,,,,,,,,,,,,,,,
,,Focal Length,T-Stop,Close Focus,Weight (lbs),Length (in),Front Diameter (mm),Mount,Image Circle (mm),Film Compatibility,Iris Blade Count,Extender,LDS,Support Post Length (mm),Manufacture Year,Heden Motor Size,Notes,
Ancient Optics,Angenieux 6x,33-198mm,4.9,"3' 1""",18.06 lbs,,136mm,PL,FF,,,,No,,,,,
,Phēnix,28-70mm,2.7,"21""",3.5 lbs,,110mm,PL,FF,,,,No,,2024,N/A,,
,,,,,,,,,,,,,,,,,,
,,Focal Length,T-Stop,Close Focus,Weight (lbs),Length (in),Front Diameter (mm),Mount,Image Circle (mm),Film Compatibility,Iris Blade Count,Extender,LDS,Support Post Length (mm),Manufacture Year,Heden Motor Size,Notes,
ARRI,Signature Zoom,16-32mm,2.8,"1'6""",7.05 lbs,"8.35""",156mm,LPL,46mm,NO,11,None,Yes,,2021,N/A (No motor bracket),,
,,24-75mm,2.8,"2'6""",8.18 lbs,"9.61""",114mm,LPL,46mm,NO,11,None,Yes,26.50mm,2022,N/A (No motor bracket),,
,,45-135mm,2.8,"3'4""",8.15 lbs,"11.81""",114mm,LPL,46mm,NO,11,None,Yes,27mm,2021,N/A (No motor bracket),,
,,65-300mm,2.8,6',17.85 lbs,"16.54""",156mm,LPL,46mm,NO,11,ARRI 1.7x Signature Extender,Yes,,2021,N/A (No motor bracket),,
,,,,,,,,,,,,,,,,,,
,,Focal Length,T-Stop,Close Focus,Weight (lbs),Length (in),Front Diameter (mm),Mount,Image Circle (mm),Film Compatibility,Iris Blade Count,Extender,LDS,Support Post Length (mm),Manufacture Year,Heden Motor Size,Notes,
Angenieux,Optimo Ultra 12:1,36-435mm,4.2,5',28.1 lbs,"20.6""",162mm,PL,46.3mm,,9,"Ang 1.4x*, Ang 2x* (*Ang Extenders reduce coverage to S35), IBE VV 2x",Yes,Attached to lens,2017,,Converted from 24-290mm 35mm format,
,,,,,,,,,,,,,,,,,,
,,Focal Length,T-Stop,Close Focus,Weight (lbs),Length (in),Front Diameter (mm),Mount,Image Circle (mm),Film Compatibility,Iris Blade Count,Extender,LDS,Support Post Length (mm),Manufacture Year,Heden Motor Size,Notes,
Angenieux,Optimo Ultra Compact,21-56mm,2.9,2',5.7 lbs,"9.3""",114mm,PL,46.3mm,,,,Yes,,,N/A (No motor bracket),,
,,37-102mm,2.9,2',5.7 lbs,"9.25""",114mm,PL,46.3mm,,,,Yes,,2022,N/A (No motor bracket),,
,,,,,,,,,,,,,,,,,,
,,Focal Length,T-Stop,Close Focus,Weight (lbs),Length (in),Front Diameter (mm),Mount,Image Circle (mm),Film Compatibility,Iris Blade Count,Extender,LDS,Support Post Length (mm),Manufacture Year,Heden Motor Size,Notes,
Angenieux,Type EZ,22-60mm,3,2',4.6 lbs,"8.3""",114mm,PL,46mm,,9,,No,,2017,N/A (No motor bracket),Converted from 15-40mm 35mm format,
,,45-135mm,3,2',4.5 lbs,"8.9""",114mm,PL,46mm,,9,,No,,2017,N/A (No motor bracket),Converted from 30-90mm 35mm format,
,,68-250mm,3.5 - 4.5,4',5.7 lbs,"10.4 """,114mm,PL,46mm,,,,No,,2023,N/A (No motor bracket),,
,,,,,,,,,,,,,,,,,,
,,Focal Length,T-Stop,Close Focus,Weight (lbs),Length (in),Front Diameter (mm),Mount,Image Circle (mm),Film Compatibility,Iris Blade Count,Extender,Expander,LDS,Support Post Length (mm),Manufacture Year,Heden Motor Size,Notes
Canon,Cine-Servo,"15-120mm / 
22.5-180mm
(Must use 
built-in Extender
for Full Frame)",2.95-3.95,2.8',7.5 lbs,"11.6""",114mm,PL,"FF (only when using 
built-in extender)",,11,Built In: 1.5x,N/A,Cooke/i,,,,"Servo handle attached, includes built in extender. FF only available by using built-in extender"
,,"25-250mm / 
37.5-375mm
(Must use 
built-in Extender
for Full Frame)",2.95-3.95,4',6.7 lbs,"10.4""",114mm,PL,"FF (only when using 
built-in extender)",,11,Built In: 1.5x,N/A,Cooke/i,,,,"Servo handle attached, includes built in extender. FF only available by using built-in extender"
,,"50-1000mm / 
75-1500mm
(Must use
built-in Extender
for Full Frame)",5.0 - T8.9,11.5',14.55 lbs,"15.95""",136mm,PL,"FF (only when using 
built-in extender)",,11,Built In: 1.5x,N/A,Cooke/i,,2018,,"Servo handle attached, includes built in extender. FF only available by using built-in extender"
,,,,,,,,,,,,,,,,,,
,,Focal Length,T-Stop,Close Focus,Weight (lbs),Length (in),Front Diameter (mm),Mount,Image Circle (mm),Film Compatibility,Iris Blade Count,Extender,LDS,Support Post Length (mm),Manufacture Year,Heden Motor Size,Notes,
Canon,FD Zoom GL Optics Rehoused,35-105,3.7,"2' 9""",2.75 lbs,,136mm,PL,FF,,,,,,,,,
,,50-300mm,4.9,6',12 lbs,,136mm,PL,FF,,,,,,,,Not currently in inventory,
,,,,,,,,,,,,,,,,,,
Canon,FD Zoom Century Rehoused,150-600mm,6.7,10',13 lbs,,125mm,PL,FF,,,,,,,,Not currently in inventory,
,,,,,,,,,,,,,,,,,,
,,Focal Length,T-Stop,Close Focus,Weight (lbs),Length (in),Front Diameter (mm),Mount,Image Circle (mm),Film Compatibility,Iris Blade Count,Extender,LDS,Support Post Length (mm),Manufacture Year,Heden Motor Size,Notes,
Canon,FD Zoom Multi-Format Ancient Optics Rehoused,35-105mm,3.7,"2' 9""",5.9 lbs,,125mm,PL,FF,,,,No,,,,,
,,,,,,,,,,,,,,,,,,
,,,,,,,,,,,,,,,,,,
,,Focal Length,T-Stop,Close Focus,Weight (lbs),Length (in),Front Diameter (mm),Mount,Image Circle (mm),Film Compatibility,Iris Blade Count,Extender,LDS,Support Post Length (mm),Manufacture Year,Heden Motor Size,Notes,
Cooke,Cooke Varotal/i Full Frame,19-40mm,2.9,2',7.7 lbs,"9""",114mm,PL,46.31mm,,9,,Yes,,2022,N/A (No motor bracket),Not currently in inventory,
,,30-95mm,2.9,"2' 8""",8.8 lbs,"10""",114mm,PL,46.31mm,,9,,Yes,,2022,N/A (No motor bracket),Not currently in inventory,
,,85-215mm,2.9,5',8.8 lbs,"10""",114mm,PL,46.31mm,,9,,Yes,,2022,N/A (No motor bracket),Not currently in inventory,
,,,,,,,,,,,,,,,,,,
,,Focal Length,T-Stop,Close Focus,Weight (lbs),Length (in),Front Diameter (mm),Mount,Image Circle (mm),Film Compatibility,Iris Blade Count,Extender,LDS,Support Post Length (mm),Manufacture Year,Heden Motor Size,Notes,
DZO Film,Catta Ace,18-35mm,2.9,"1' 8""",4.07 lbs,"7.07""",80mm,PL / EF / LPL,43.5mm,,16,,No,,2024,N/A (No bracket),Not currently in inventory,
,,35-80mm,2.9,"2' 5""",3.6 lbs,"7.07""",80mm,PL / EF / LPL,46.5mm,,16,,No,,2024,N/A (No bracket),,
,,70-135mm,2.9,"2' 6""",3.76 lbs,"7.07""",80mm,PL / EF / LPL,46.5mm,,16,,No,,2024,N/A (No bracket),,
,,,,,,,,,,,,,,,,,,
,,Focal Length,T-Stop,Close Focus,Weight (lbs),Length (in),Front Diameter (mm),Mount,Image Circle (mm),Film Compatibility,Iris Blade Count,Extender,LDS,Support Post Length (mm),Manufacture Year,Heden Motor Size,Notes,
FUJINON,Duvo,36-450mm (with 1.5x Extender),4.2,4',6.5 lbs,"10.6""",114mm,PL,FF,,,N/A,Yes,,2024,N/A (No bracket),Has built in servo motor that requires power.,
,,,,,,,,,,,,,,,,,,
,,Focal Length,T-Stop,Close Focus,Weight (lbs),Length (in),Front Diameter (mm),Mount,Image Circle (mm),Film Compatibility,Iris Blade Count,Extender,/i Data,Support Post Length (mm),Manufacture Year,Heden Motor Size,Notes,
FUJINON,Premista,19-45mm,2.9,2',7.27 lbs,"8.9""",114mm,PL,46.3mm,,13,,Yes,22mm,2020,N/A (No bracket),Lens has LDS on both PL mount and 4 pin Lemo connector on top of lens.  Connector is removeable and usually kept in CC Lens Department Cabinet,
,,28-100mm,2.9,2’8”,8.4 lbs,10”,114mm,PL,46.3mm,,13,,Yes,22mm,2019,N/A (No bracket),Lens has LDS on both PL mount and 4 pin Lemo connector on top of lens.  Connector is removeable and usually kept in CC Lens Department Cabinet,
,,80-250mm,2.9,"4'11""",8.4 lbs,10”,114mm,PL,46.3mm,,13,,Yes,22mm,2019,N/A (No bracket),Lens has LDS on both PL mount and 4 pin Lemo connector on top of lens.  Connector is removeable and usually kept in CC Lens Department Cabinet,
,,,,,,,,,,,,,,,,,,
,,Focal Length,T-Stop,Close Focus,Weight (lbs),Length (in),Front Diameter (mm),Mount,Image Circle (mm),Film Compatibility,Iris Blade Count,Extender,/i Data,Support Post Length (mm),Manufacture Year,Heden Motor Size,Notes,
Keslow,Renaissance,27-128mm,3.6,"2' 3""",13.5 lbs,"14""",136mm,PL,43mm,,6,,No,,2022,,Keslow made. Based on 17-80mm Angenieux Zoom,
,,,,,,,,,,,,,,,,,,
,,Focal Length,T-Stop,Close Focus,Weight (lbs),Length (in),Front Diameter (mm),Mount,Image Circle (mm),Film Compatibility,Iris Blade Count,Extender,/i Data,Support Post Length (mm),Manufacture Year,Heden Motor Size,Notes,
Laowa,Ranger Zooms,16-30mm,2.9,"13""",1.75 lbs,"4.22""",80mm,PL,43.2mm,,11,,No,,2024,,Not currently in inventory,
,,28-75mm,2.9,"1' 7""",3.17 lbs,"7""",80mm,PL,43.2mm,,11,,No,,2023,,Accepts 77mm threaded filters,
,,75-180mm,2.9,"2' 7""",2.95 lbs,"7.5""",80mm,PL,43.2mm,,11,,No,,2023,,Accepts 77mm threaded filters,
,,,,,,,,,,,,,,,,,,
,,Focal Length,T-Stop,Close Focus,Weight (lbs),Length (in),Front Diameter (mm),Mount,Image Circle (mm),Film Compatibility,Iris Blade Count,Extender,LDS,Support Post Length (mm),Manufacture Year,Heden Motor Size,Notes,
Leitz,Leitz Zoom,25-75mm,2.8,3',8.2 lbs,"10.5""",114mm,PL,46.5mm,,15,,No,,2021,N/A (No motor bracket),,
,,55-125mm,2.8,"3' 5""",9.7 lbs,"11.02""",114mm,PL,46.5mm,,21,,No,,2021,N/A (No motor bracket),,
,,,,,,,,,,,,,,,,,,
,,Focal Length,T-Stop,Close Focus,Weight (lbs),Length (in),Front Diameter (mm),Mount,Image Circle (mm),Film Compatibility,Iris Blade Count,Extender,LDS,Support Post Length (mm),Manufacture Year,Heden Motor Size,Notes,
Leitz,Vario-Apo-Elmarit-R,70-180mm,3,"5' 3""",4.2 lbs,"7.5"" - 7.9""",80mm,PL,43mm,,8,"IBE 1.4X, IBE 2X, Ang 1.4X, Ang 2X, Century 2X, Optex 2X",No,38mm,,N/A (No motor bracket),Telescoping,
,,,,,,,,,,,,,,,,,,
,,,,,,,,,,,,,,,,,,
,,Focal Length,T-Stop,Close Focus,Weight (lbs),Length (in),Front Diameter (mm),Mount,Image Circle (mm),Film Compatibility,Iris Blade Count,Extender,/i Data,Support Post Length (mm),Manufacture Year,Heden Motor Size,Notes,
MasterBuilt,Zoom,13-26mm,3.2,"12""",3.54 lbs,"4""",114mm,LPL,,NO,9,,,,,,,
,,27-60mm,2.9,"11""",4.2 lbs,,114mm,PL,,,,,No,,,,,
,,25-75mm,4,,,,,PL,,,,,No,,,,"Possible one-off lens, specs unavailable",
,,25-125mm,3.2,"27""",11.6 lbs,,162mm,PL,45mm,,,,No,,,,,
,,45-125mm,4,,,,,PL,,,,,No,,,,"Possible one-off lens, specs unavailable",
,,45-135mm,4,,,,,PL,,,,,No,,,,"Possible one-off lens, specs unavailable",
,,25-250mm,2.8,,,,,PL,,,,,No,,,,"Possible one-off lens, specs unavailable",
,,,,,,,,,,,,,,,,,,
,,Focal Length,T-Stop,Close Focus,Weight (lbs),Length (in),Front Diameter (mm),Mount,Image Circle (mm),Film Compatibility,Iris Blade Count,Extender,/i Data,Support Post Length (mm),Manufacture Year,Heden Motor Size,Notes,
Musashi,Takumi,29-120mm,2.9,4',16.5 lbs,"14.6""",136mm,PL,46.3mm,,9,,No,,,,"Out of Production, company defunct. May be hard to locate if needed.",
,,40.6-332mm,4.8,"4' 1""",20.3 lbs,"16.3""",136mm,PL,46.3mm,,9,,No,,,,"Out of Production, company defunct. May be hard to locate if needed.",
,,,,,,,,,,,,,,,,,,
,,,,,,,,,,,,,,,,,,
,,Focal Length,T-Stop,Close Focus,Weight (lbs),Length (in),Front Diameter (mm),Mount,Image Circle (mm),Film Compatibility,Iris Blade Count,Extender,/i Data,Support Post Length (mm),Manufacture Year,Heden Motor Size,Notes,
TLS,Morpheus,80-200mm,2.8,4.9',5.07 lbs,"7.5""",110mm,PL,43.3mm,,9,,No,,,,"Rehoused Nikon Still Zoom, from TLS",
,,,,,,,,,,,,,,,,,,
,,Focal Length,T-Stop,Close Focus,Weight (lbs),Length (in),Front Diameter (mm),Mount,Image Circle (mm),Film Compatibility,Iris Blade Count,Extender,/i Data,Support Post Length (mm),Manufacture Year,Heden Motor Size,Notes,
Tokina,Vista MKII Zoom,16-28mm,3,"11""",3.85 lbs,"5.6""",114mm,PL,46.7mm,,9,,No,,,,Not currently in inventory,
,,,,,,,,,,,,,,,,,,
,,Focal Length,T-Stop,Close Focus,Weight (lbs),Length (in),Front Diameter (mm),Mount,Image Circle (mm),Film Compatibility,Iris Blade Count,Extender,/i Data,Support Post Length (mm),Manufacture Year,Heden Motor Size,Notes,
Voigtländer,Zoomar Ancient Optics,36-82mm,3.1,"2' 9""",8.3 lbs,,136mm,PL,FF,,,,No,,,,,
,,,,,,,,,,,,,,,,,,
,,,,,,,,,,,,,,,,,,
,,Focal Length,T-Stop,Close Focus,Weight (lbs),Length (in),Front Diameter (mm),Mount,Image Circle (mm),Film Compatibility,Iris Blade Count,Extender,LDS,Support Post Length (mm),Manufacture Year,Heden Motor Size,Notes,
Zeiss,Compact Zoom,15-30mm,2.9,"22""",5.7 lbs,"7.8""",114mm,PL / EF,43.3mm,,9,"IBE 1.4X, IBE 2X, Ang 1.4X, Ang 2X, Century 2X, Optex 2X",No,38mm,,N/A (No bracket),,
,,28-80mm,2.9,"2' 8""",5.5 lbs,"7.7""",95mm,PL / EF,43.3mm,,10,"IBE 1.4X, IBE 2X, Ang 1.4X, Ang 2X, Century 2X, Optex 2X",No,36mm,,N/A (No bracket),,
,,70-200mm,2.9,5',6.2 lbs,"9.85""",95mm,PL / EF,40mm clear / 43.3mm with falloff,,18,"IBE 1.4X, IBE 2X, Ang 1.4X, Ang 2X, Century 2X, Optex 2X",No,37mm,,N/A (No bracket),,
,,,,,,,,,,,,,,,,,,
,,Focal Length,T-Stop,Close Focus,Weight (lbs),Length (in),Front Diameter (mm),Mount,Image Circle (mm),Film Compatibility,Iris Blade Count,Extender,LDS,Support Post Length (mm),Manufacture Year,Heden Motor Size,Notes,
Zeiss,Supreme Radiance Zoom,15-30mm,15-30mm,"21""",6.50 lbs,"7.8""",114mm,PL / LPL,43.3mm,,,,Yes,,2025,,Not currently in inventory,
,,28-80mm,28-80mm,"2' 9""",6.09 lbs,"7.8""",114mm,PL / LPL,43.3mm,,,,Yes,,2025,,Not currently in inventory,
,,70-200mm,70-200mm,5',7.01 lbs,"9.1""",114mm,PL / LPL,43.3mm,,,,Yes,,2025,,Not currently in inventory,